Dataset,Chr,Pos,Ref,Alt
MFASS_MLC,2,211527921,G,A
MFASS_MLC,8,27394372,G,A
MFASS_MLC,9,95784671,G,T
MFASS_MLC,16,57153562,G,A
MFASS_MLC,16,84476205,G,A
MFASS_MLC,1,230923348,G,A
MFASS_MLC,12,9073661,G,A
MFASS_MLC,3,45561788,G,A
MFASS_MLC,17,79671746,G,A
MFASS_MLC,15,73848732,G,A
MFASS_MLC,7,120382656,G,A
MFASS_MLC,11,57561553,G,A
MFASS_MLC,21,44179195,G,A
MFASS_MLC,1,211534504,G,A
MFASS_MLC,22,38894090,G,A
MFASS_MLC,3,50356387,C,T
MFASS_MLC,20,47868064,C,T
MFASS_MLC,19,6684786,C,T
MFASS_MLC,15,31340092,C,T
MFASS_MLC,8,97258088,C,T
MFASS_MLC,19,41201894,C,T
MFASS_MLC,3,52156395,C,G
MFASS_MLC,11,125324026,C,T
MFASS_MLC,16,21071585,C,T
MFASS_MLC,1,55548945,C,T
MFASS_MLC,1,86488221,C,T
MFASS_MLC,10,21108353,C,T
MFASS_MLC,1,32145643,C,T
MFASS_MLC,2,228004877,C,T
MFASS_MLC,2,189929283,C,A
MFASS_MLC,1,86304268,C,T
MFASS_MLC,18,21226153,C,T
MFASS_MLC,7,7484049,C,T
MFASS_MLC,5,149245733,C,T
MFASS_MLC,3,170736320,C,T
MFASS_MLC,10,61955999,G,A
MFASS_MLC,3,185983093,G,A
Vex-seq_MLC,3,50212621,G,A
Vex-seq_MLC,9,139749302,G,A
Vex-seq_MLC,19,37961289,G,A
Vex-seq_MLC,2,171358374,A,C
Vex-seq_MLC,4,78870953,G,A
Vex-seq_MLC,12,64017822,G,T
literature_MLC,X,49834685,G,A
literature_MLC,1,16372180,A,C
literature_MLC,2,47708010,G,A
literature_MLC,3,37059088,C,T
literature_MLC,3,37083822,G,A
literature_MLC,6,133827333,G,A
literature_MLC,2,47657079,A,G
literature_MLC,11,108127067,G,A
literature_MLC,13,32954050,G,A
literature_MLC,3,37050394,C,G
literature_MLC,3,37050394,C,T
literature_MLC,13,101167821,G,A
literature_MLC,3,135980907,G,C
literature_MLC,3,37059088,C,G
literature_MLC,17,78078931,G,A
literature_MLC,17,78078931,G,C
literature_MLC,17,78078931,G,T
literature_MLC,3,37061954,G,A
literature_MLC,17,27577316,C,T
literature_MLC,15,101514172,G,A
literature_MLC,16,28905928,G,A
literature_MLC,3,37089174,G,A
literature_MLC,3,37090100,G,A
literature_MLC,3,37090508,G,A
literature_MLC,11,67810964,G,A
literature_MLC,2,47641557,G,A
literature_MLC,7,98988876,G,A
literature_MLC,5,37020979,G,A
literature_MLC,1,150531125,G,A
literature_MLC,11,67379040,G,A
literature_MLC,17,42956924,C,A
literature_MLC,12,6085277,C,T
literature_MLC,X,154128141,C,T
literature_MLC,11,17474666,C,T
literature_MLC,13,52518245,C,T
literature_MLC,X,32613874,C,T
literature_MLC,17,7579312,C,T
literature_MLC,17,33430273,C,T
literature_MLC,17,41256141,A,G
literature_MLC,2,58387243,C,T
literature_MLC,7,124510965,C,T
literature_MLC,8,38282027,C,T
literature_MLC,2,189927591,C,T
literature_MLC,14,95583959,C,T
literature_MLC,17,44143903,C,T
literature_MLC,16,70289631,C,T
literature_MLC,14,23883216,C,T
literature_MLC,14,24725195,C,T
literature_MLC,15,48719765,T,C
literature_MLC,16,16248730,C,T
literature_MLC,X,153583193,C,T
literature_MLC,1,94470997,C,T
literature_MLC,X,154133086,C,T
literature_MLC,7,44192901,T,G
literature_MLC,17,41215350,C,T
Clinvar_MLC,2,234217910,G,A
Clinvar_MLC,3,41275788,G,C
Clinvar_MLC,5,42718223,G,A
Clinvar_MLC,5,89940686,G,A
Clinvar_MLC,6,157495251,G,A
Clinvar_MLC,8,37611047,G,A
Clinvar_MLC,9,130435540,G,A
Clinvar_MLC,9,130435540,G,A
Clinvar_MLC,12,64849737,G,A
Clinvar_MLC,13,32969070,G,A
Clinvar_MLC,15,93496803,G,A
Clinvar_MLC,X,48649735,A,G
Clinvar_MLC,2,47702408,T,A
Clinvar_MLC,2,112758862,C,A
Clinvar_MLC,2,166229857,G,A
Clinvar_MLC,2,166229857,G,A
Clinvar_MLC,3,9483929,G,A
Clinvar_MLC,4,5731117,G,T
Clinvar_MLC,4,15556833,G,A
Clinvar_MLC,6,33409151,G,A
Clinvar_MLC,7,94053755,G,A
Clinvar_MLC,7,141311087,G,A
Clinvar_MLC,8,61750814,G,A
Clinvar_MLC,11,44151688,G,A
Clinvar_MLC,11,76892635,G,A
Clinvar_MLC,11,120999053,G,A
Clinvar_MLC,13,40251716,G,A
Clinvar_MLC,14,51089966,G,A
Clinvar_MLC,16,68845762,G,A
Clinvar_MLC,17,2577582,G,A
Clinvar_MLC,19,54646922,G,A
Clinvar_MLC,21,47407089,G,A
Clinvar_MLC,X,22095820,G,A
Clinvar_MLC,X,107920863,G,A
Clinvar_MLC,9,130263290,G,A
Clinvar_MLC,11,67816548,G,A
Clinvar_MLC,1,59154710,C,T
Clinvar_MLC,2,166904137,C,T
Clinvar_MLC,2,189910526,C,T
Clinvar_MLC,2,238268005,C,T
Clinvar_MLC,3,38655235,T,G
Clinvar_MLC,3,48611695,C,A
Clinvar_MLC,3,48632509,T,C
Clinvar_MLC,3,71019887,C,T
Clinvar_MLC,8,143995680,C,T
Clinvar_MLC,9,130586583,C,G
Clinvar_MLC,16,89812992,C,T
Clinvar_MLC,16,89869667,C,T
Clinvar_MLC,17,8014677,C,T
Clinvar_MLC,18,55361814,C,T
Clinvar_MLC,X,62893918,C,T
Clinvar_MLC,1,62993822,C,T
Clinvar_MLC,1,158626354,C,T
Clinvar_MLC,2,27535361,C,T
Clinvar_MLC,2,167134650,C,A
Clinvar_MLC,2,225368369,C,T
Clinvar_MLC,2,227973549,C,T
Clinvar_MLC,3,49456693,C,T
Clinvar_MLC,3,180369189,C,T
Clinvar_MLC,5,37165641,C,T
Clinvar_MLC,7,6035165,C,T
Clinvar_MLC,9,127255309,C,T
Clinvar_MLC,11,31816179,T,C
Clinvar_MLC,12,33003701,T,A
Clinvar_MLC,12,49427850,C,T
Clinvar_MLC,12,49442442,C,T
Clinvar_MLC,12,88482809,C,T
Clinvar_MLC,13,52532447,C,T
Clinvar_MLC,13,110825068,T,C
Clinvar_MLC,15,91551100,C,G
Clinvar_MLC,17,7100076,C,T
Clinvar_MLC,19,4102374,C,T
Clinvar_MLC,X,64141697,C,A
Clinvar_MLC,16,89715903,G,A
Clinvar_MLC,X,53265676,C,T
Application dataset1_MLC,3,87322498,T,G
Application dataset1_MLC,3,87322498,T,C
Application dataset1_MLC,3,87322498,T,A
Application dataset2_MLC,2,179504514,T,C
Application dataset3_MLC,9,34658680,G,A
Application dataset3_MLC,8,15508323,G,A
Application dataset3_MLC,X,147009911,G,A
Application dataset3_MLC,16,3789725,C,A
Application dataset3_MLC,2,228118354,G,A
