Datasets,Chr,Pos,Ref,Alt,transcript_id
MFASS,chr22,26884453,A,G,
MFASS,chr2,211527921,G,A,ENST00000342788.9
MFASS,chr8,27394372,G,A,ENST00000346049.10
MFASS,chr20,58581842,G,C,
MFASS,chr9,95784671,G,T,
MFASS,chr16,57153562,G,A,ENST00000309137.13
MFASS,chr16,84476205,G,A,
MFASS,chr1,230923348,G,A,ENST00000366661.9
MFASS,chr12,9073661,G,A,ENST00000318602.12
MFASS,chr2,28812637,G,A,ENST00000334056.10
MFASS,chr3,45561788,G,A,ENST00000273317.5
MFASS,chr11,8122147,A,G,ENST00000309737.11
MFASS,chr8,86178932,G,C,
MFASS,chr19,33655170,A,G,ENST00000650847.1
MFASS,chr17,79671746,G,A,
MFASS,chr15,73848732,G,A,
MFASS,chr7,120382656,G,A,ENST00000331113.9
MFASS,chr15,89857937,A,G,ENST00000336418.9
MFASS,chr15,40684223,A,G,
MFASS,chr9,134358831,A,G,ENST00000481739.2
MFASS,chr11,57561553,G,A,ENST00000287156.9
MFASS,chr22,40697009,G,C,
MFASS,chr12,123099633,G,A,ENST00000320201.10
MFASS,chr21,44179195,G,A,ENST00000291577.11
MFASS,chr2,63821719,A,C,ENST00000272321.12
MFASS,chr1,211534504,G,A,
MFASS,chr3,137947761,A,G,
MFASS,chr14,64908103,G,A,
MFASS,chr11,113849955,G,A,ENST00000696973.1
MFASS,chr11,20117218,G,A,ENST00000349880.9
MFASS,chr2,39181514,G,T,
MFASS,chr16,19627436,G,A,ENST00000417362.7
MFASS,chr11,103005050,G,T,
MFASS,chr2,28771729,G,A,ENST00000395366.3
MFASS,chr3,130340667,G,T,
MFASS,chr21,37583851,G,A,
MFASS,chr22,38894090,G,A,
MFASS,chr22,38894092,T,C,
MFASS,chr3,50356387,C,T,ENST00000266025.4
MFASS,chr20,47868064,C,T,
MFASS,chr13,95244495,C,A,ENST00000645237.2
MFASS,chr19,6684786,C,T,ENST00000245907.11
MFASS,chr19,50251342,C,A,ENST00000642316.2
MFASS,chr2,20234078,C,G,
MFASS,chr15,31340092,C,T,ENST00000307145.4
MFASS,chr15,75146363,T,C,
MFASS,chr10,17168761,T,C,ENST00000377799.8
MFASS,chr8,97258088,C,T,
MFASS,chr19,41201894,C,T,ENST00000310054.9
MFASS,chr3,52156395,C,G,
MFASS,chr11,125324026,C,T,ENST00000298282.14
MFASS,chr10,75003602,T,G,ENST00000287239.10
MFASS,chr16,21071585,C,T,ENST00000698260.1
MFASS,chr1,40097168,C,G,ENST00000642050.2
MFASS,chr1,55548945,C,T,
MFASS,chr1,86488221,C,T,ENST00000394711.2
MFASS,chr15,91561035,C,A,
MFASS,chr10,21108353,C,T,ENST00000377122.9
MFASS,chr10,21108354,G,A,ENST00000377122.9
MFASS,chr1,32145643,C,T,ENST00000373625.8
MFASS,chr2,228004877,C,T,ENST00000392056.8
MFASS,chr2,189918150,C,G,ENST00000340623.4
MFASS,chr2,189929283,C,A,ENST00000340623.4
MFASS,chr1,114254369,T,A,
MFASS,chr1,86304268,C,T,
MFASS,chr7,7491950,C,A,ENST00000399429.8
MFASS,chr18,21226153,C,T,
MFASS,chr7,7484049,C,T,ENST00000399429.8
MFASS,chr20,33971842,T,A,
MFASS,chr16,20648694,T,C,ENST00000289416.10
MFASS,chr12,101561876,T,C,
MFASS,chr16,71768513,T,C,ENST00000299980.9
MFASS,chr2,238261985,T,C,ENST00000254657.8
MFASS,chr5,149245733,C,T,ENST00000309868.12
MFASS,chr3,120394639,C,G,ENST00000295633.8
MFASS,chr2,37486727,T,C,
MFASS,chr2,238258792,T,C,ENST00000254657.8
MFASS,chr3,170736320,C,T,
MFASS,chr6,70964667,T,C,
MFASS,chr17,3486724,G,A,ENST00000572969.6
MFASS,chr17,3635760,G,A,ENST00000225519.5
MFASS,chr19,41893508,C,T,ENST00000354532.8
MFASS,chr20,44006252,A,C,ENST00000341197.9
MFASS,chr1,45341367,C,T,ENST00000372090.6
MFASS,chr10,61955999,G,A,ENST00000279873.12
MFASS,chr3,196053903,C,A,ENST00000360110.9
MFASS,chr17,73839600,T,G,
MFASS,chr12,56749315,T,C,ENST00000338193.11
MFASS,chr8,100977658,C,A,
MFASS,chr15,91561115,G,A,
MFASS,chr2,227974002,C,G,
MFASS,chr7,7421243,C,T,ENST00000399429.8
MFASS,chr12,54799710,C,G,
MFASS,chr12,1919506,C,A,
MFASS,chr3,15515542,C,T,ENST00000383788.10
MFASS,chr12,101561960,C,T,
MFASS,chr3,185983093,G,A,
Vex-seq,chr10,33134252,A,G,
Vex-seq,chr10,46247001,G,A,
Vex-seq,chr3,38134369,T,C,ENST00000333167.13
Vex-seq,chr3,38134370,A,G,ENST00000333167.13
Vex-seq,chr3,50212621,G,A,ENST00000614032.5
Vex-seq,chr6,135509042,C,T,
Vex-seq,chr6,142704978,A,G,
Vex-seq,chr9,139749302,G,A,
Vex-seq,chr19,37961289,G,A,ENST00000222345.11
Vex-seq,chr19,44494264,G,C,ENST00000592529.6
Vex-seq,chr1,230910377,G,C,ENST00000366661.9
Vex-seq,chr22,44592294,A,G,
Vex-seq,chr2,171358374,A,C,ENST00000375258.9
Vex-seq,chr2,24240234,C,G,ENST00000355123.9
Vex-seq,chr3,121001114,C,A,ENST00000471454.6
Vex-seq,chr11,85623692,G,T,ENST00000376104.7
Vex-seq,chr11,85623693,T,C,ENST00000376104.7
Vex-seq,chr4,78870953,G,A,ENST00000502613.3
Vex-seq,chr17,19449748,G,T,
Vex-seq,chr3,112326023,C,T,
Vex-seq,chr12,64017822,G,T,ENST00000355086.8
Vex-seq,chr4,17964594,C,G,ENST00000635767.2
Vex-seq,chr6,32180602,T,C,ENST00000375094.4
Vex-seq,chr17,18159842,G,A,ENST00000647165.2
Vex-seq,chr9,4604179,C,T,ENST00000682582.1
Vex-seq,chr1,91731574,C,T,ENST00000212355.9
Vex-seq,chr16,1515338,G,A,ENST00000426508.7
Vex-seq,chr16,160602,T,G,ENST00000356815.4
Vex-seq,chr18,23615887,C,T,ENST00000592179.6
Vex-seq,chr19,19746528,C,T,
literature,chr2,47702409,G,T,ENST00000234420.11
literature,chrX,49834685,G,A,
literature,chr1,16377094,G,A,ENST00000401088.9
literature,chr1,16372180,A,C,ENST00000401088.9
literature,chr2,47708009,A,G,ENST00000234420.11
literature,chr2,47708010,G,A,ENST00000234420.11
literature,chr2,47708010,G,C,ENST00000234420.11
literature,chr13,32900285,C,T,
literature,chr3,37050395,A,G,ENST00000231790.8
literature,chr7,117243836,G,C,
literature,chr3,37059088,C,T,ENST00000336686.9
literature,chr3,37083822,G,A,ENST00000336686.9
literature,chr3,37090100,G,T,ENST00000336686.9
literature,chr6,133802737,G,T,
literature,chr6,133827333,G,A,
literature,chr2,47657079,A,G,ENST00000233146.7
literature,chr2,48033790,G,A,
literature,chr2,47693947,G,A,
literature,chr11,108106561,G,C,ENST00000393094.7
literature,chr11,108115753,G,A,
literature,chr11,108127067,G,A,ENST00000265838.9
literature,chr13,32954050,G,A,
literature,chr16,68853328,G,A,ENST00000261778.2
literature,chr3,37045965,G,C,ENST00000231790.8
literature,chr7,117243836,G,A,
literature,chr3,37050394,C,G,ENST00000231790.8
literature,chr7,117267824,G,C,
literature,chr3,37050394,C,T,ENST00000231790.8
literature,chr3,37050396,G,A,ENST00000231790.8
literature,chr7,117282647,G,C,ENST00000265441.8
literature,chr3,37053590,G,A,ENST00000336686.9
literature,chr3,37053590,G,T,ENST00000336686.9
literature,chr13,101167821,G,A,ENST00000251127.11
literature,chr3,135980907,G,C,ENST00000264977.8
literature,chr3,37059088,C,G,ENST00000336686.9
literature,chr3,37059089,A,C,ENST00000336686.9
literature,chr17,78078931,G,A,ENST00000696270.1
literature,chr3,37059089,A,G,ENST00000336686.9
literature,chr17,78078931,G,C,ENST00000696270.1
literature,chr3,37059090,G,A,ENST00000336686.9
literature,chr17,78078931,G,T,ENST00000696270.1
literature,chr3,37059090,G,C,ENST00000336686.9
literature,chr3,37061953,A,G,ENST00000336686.9
literature,chr3,37061954,G,A,ENST00000336686.9
literature,chr3,37061954,G,C,ENST00000336686.9
literature,chr3,37061954,G,T,ENST00000336686.9
literature,chr17,27577316,C,T,ENST00000644974.2
literature,chr15,101514172,G,A,ENST00000611716.5
literature,chr3,37081785,G,C,ENST00000336686.9
literature,chr3,37081785,G,T,ENST00000336686.9
literature,chr16,28905928,G,A,ENST00000358201.9
literature,chr11,103055779,A,T,ENST00000260247.10
literature,chrX,77380548,G,A,
literature,chr3,37089174,G,A,ENST00000336686.9
literature,chr3,37090099,A,G,ENST00000336686.9
literature,chr3,37090100,G,A,ENST00000336686.9
literature,chr13,32890664,G,A,
literature,chr3,37090508,G,A,ENST00000336686.9
literature,chr3,37090508,G,C,ENST00000336686.9
literature,chr11,67810964,G,A,
literature,chr13,32900750,G,A,
literature,chr17,56780690,G,T,
literature,chr2,47630541,G,C,ENST00000233146.7
literature,chr16,31499811,G,A,ENST00000327237.7
literature,chr14,24619657,G,C,
literature,chr2,47641557,G,A,ENST00000233146.7
literature,chr2,47657080,G,A,ENST00000233146.7
literature,chr7,98988876,G,A,ENST00000456197.2
literature,chr17,80863929,G,C,ENST00000306801.8
literature,chr17,48244848,G,A,ENST00000336915.11
literature,chr5,37020979,G,A,ENST00000282516.13
literature,chr10,89690846,G,C,
literature,chr2,47693946,A,G,
literature,chr2,47693946,A,T,
literature,chr1,150531125,G,A,
literature,chr2,47693947,G,C,
literature,chr14,73678650,A,T,ENST00000553645.7
literature,chr2,47698201,G,C,ENST00000234420.11
literature,chr16,2134715,A,C,ENST00000262304.9
literature,chr13,32944693,A,G,
literature,chr11,67379040,G,A,ENST00000307980.7
literature,chr16,68845762,G,T,ENST00000261778.2
literature,chr2,47703506,G,T,ENST00000234420.11
literature,chr3,37058999,C,A,ENST00000336686.9
literature,chr3,37058999,C,T,ENST00000336686.9
literature,chr3,190126103,G,A,
literature,chr3,190126103,G,C,
literature,chr7,117170953,G,A,ENST00000323984.8
literature,chr7,117282493,T,G,ENST00000265441.8
literature,chr9,34648759,G,A,ENST00000378842.8
literature,chr16,3580569,T,A,
literature,chr16,2129279,C,T,ENST00000262304.9
literature,chr13,32900636,G,T,
literature,chr16,31497051,C,T,ENST00000327237.7
literature,chr16,31499359,G,C,ENST00000327237.7
literature,chr1,161139450,G,T,
literature,chr6,132168916,G,T,
literature,chr5,70247768,G,C,
literature,chr4,100532489,G,T,ENST00000296420.9
literature,chr7,148523563,T,C,
literature,chr7,6035165,C,A,ENST00000199389.11
literature,chr17,42956924,C,A,ENST00000427569.7
literature,chr2,44548966,C,A,ENST00000378494.8
literature,chr12,6085277,C,T,ENST00000261405.10
literature,chrX,154128141,C,T,ENST00000303391.11
literature,chr12,6181497,C,T,
literature,chr17,41228505,C,A,
literature,chr17,42987511,C,T,ENST00000361677.6
literature,chr17,41219627,G,T,
literature,chr21,19698749,C,T,
literature,chr2,190428310,C,T,ENST00000392328.6
literature,chr11,17474666,C,T,ENST00000389817.8
literature,chr13,52518245,C,T,
literature,chr1,43204092,C,A,ENST00000372492.9
literature,chrX,32613874,C,T,ENST00000357033.9
literature,chrX,38182106,C,A,ENST00000378533.4
literature,chr22,29091115,C,G,ENST00000400335.9
literature,chr11,94211901,C,T,
literature,chr17,7579312,C,T,
literature,chr17,33430273,C,T,ENST00000225823.7
literature,chr17,41256141,A,G,
literature,chr17,41203080,C,T,
literature,chr2,58387243,C,T,
literature,chr1,91742541,C,T,ENST00000212355.9
literature,chr7,124510965,C,T,
literature,chr7,124465306,C,T,
literature,chr8,38282027,C,T,ENST00000317025.13
literature,chr2,189927591,C,T,ENST00000340623.4
literature,chr14,95583959,C,T,
literature,chr17,44143903,C,T,ENST00000585683.6
literature,chr17,41258473,C,A,
literature,chr16,70289631,C,T,ENST00000261772.13
literature,chr15,48789463,C,T,ENST00000380950.7
literature,chr15,48773852,C,G,ENST00000380950.7
literature,chr15,48760609,C,A,ENST00000380950.7
literature,chr14,23883216,C,T,
literature,chr19,15299048,G,A,ENST00000679869.1
literature,chr15,48752443,C,T,ENST00000380950.7
literature,chr15,48829808,C,T,ENST00000332408.9
literature,chr14,24725195,C,T,
literature,chr15,48719765,T,C,ENST00000380950.7
literature,chr15,48719764,C,G,ENST00000380950.7
literature,chr22,50508957,A,G,ENST00000420993.7
literature,chr16,16248730,C,T,ENST00000399336.9
literature,chrX,153583193,C,T,
literature,chr1,94488942,C,T,ENST00000370214.9
literature,chr1,94470997,C,T,ENST00000370214.9
literature,chr1,94466559,T,C,ENST00000370214.9
literature,chrX,154133086,C,T,ENST00000303391.11
literature,chr7,44192901,T,G,ENST00000403799.8
literature,chr17,41215350,C,T,
literature,chr17,41228505,C,T,
literature,chr17,41226348,C,T,
literature,chr7,148523723,A,C,
literature,chr12,58158994,C,T,
literature,chr9,99003189,C,T,ENST00000375001.8
literature,chr1,94577135,C,T,
Clinvar,chr1,12052746,C,T,
Clinvar,chr1,26138024,C,T,
Clinvar,chr1,45480507,C,G,ENST00000372086.4
Clinvar,chr1,156105911,A,G,ENST00000677389.1
Clinvar,chr1,185060869,T,G,ENST00000367510.8
Clinvar,chr1,197398744,T,C,ENST00000367400.8
Clinvar,chr2,32362036,G,A,ENST00000421745.7
Clinvar,chr2,203395675,G,A,ENST00000319170.10
Clinvar,chr2,220285068,G,C,
Clinvar,chr2,228167826,G,A,ENST00000392056.8
Clinvar,chr2,234217910,G,A,
Clinvar,chr2,241812466,G,A,ENST00000407683.6
Clinvar,chr3,37090100,G,C,ENST00000336686.9
Clinvar,chr3,41275788,G,C,ENST00000301831.9
Clinvar,chr3,49042479,G,A,ENST00000395443.7
Clinvar,chr3,70001035,T,C,
Clinvar,chr3,119422069,G,C,
Clinvar,chr3,193361414,A,G,ENST00000342358.9
Clinvar,chr4,55592202,A,T,ENST00000295645.9
Clinvar,chr5,42718223,G,A,ENST00000230882.9
Clinvar,chr5,89940686,G,A,
Clinvar,chr5,131939738,G,A,ENST00000442687.6
Clinvar,chr5,176684152,G,T,
Clinvar,chr5,176820764,T,G,ENST00000329542.9
Clinvar,chr6,42146631,A,C,
Clinvar,chr6,42975043,A,C,ENST00000304611.13
Clinvar,chr6,129670529,G,A,ENST00000368149.3
Clinvar,chr6,150710610,C,T,ENST00000696526.1
Clinvar,chr6,157495251,G,A,ENST00000359775.10
Clinvar,chr6,157495251,G,C,ENST00000359775.10
Clinvar,chr7,99702721,G,A,
Clinvar,chr7,116412043,G,A,ENST00000222693.5
Clinvar,chr8,31007970,A,T,ENST00000523392.2
Clinvar,chr8,37611047,G,A,
Clinvar,chr9,26978261,G,A,ENST00000380062.10
Clinvar,chr9,130425632,G,T,ENST00000683500.2
Clinvar,chr9,130435540,G,A,
Clinvar,chr9,131370327,A,C,
Clinvar,chr9,140058120,G,T,
Clinvar,chr11,2594214,G,C,ENST00000155840.12
Clinvar,chr11,64972329,G,C,
Clinvar,chr11,76895760,G,A,ENST00000532485.6
Clinvar,chr12,2613704,G,C,ENST00000399603.6
Clinvar,chr12,4794490,G,C,ENST00000252318.7
Clinvar,chr12,50348100,G,A,ENST00000327337.6
Clinvar,chr12,64849737,G,A,ENST00000539867.6
Clinvar,chr13,32969070,G,A,
Clinvar,chr13,36241705,C,T,ENST00000239859.8
Clinvar,chr13,49037971,G,T,ENST00000492622.6
Clinvar,chr13,100764140,C,T,
Clinvar,chr14,68192870,T,C,ENST00000471583.6
Clinvar,chr14,76949102,G,A,
Clinvar,chr14,103390315,T,A,ENST00000429436.7
Clinvar,chr15,93496803,G,A,
Clinvar,chr16,603041,G,A,ENST00000248139.8
Clinvar,chr16,2120579,G,C,ENST00000262304.9
Clinvar,chr16,2129197,G,A,ENST00000262304.9
Clinvar,chr16,46723682,G,A,ENST00000394809.9
Clinvar,chr16,67682876,C,A,ENST00000268797.12
Clinvar,chr16,68847398,G,T,ENST00000261778.2
Clinvar,chr16,69354671,A,G,
Clinvar,chr16,69354671,A,T,
Clinvar,chr17,2569384,G,C,
Clinvar,chr17,2576051,G,A,
Clinvar,chr17,2583614,G,T,
Clinvar,chr17,3563268,C,G,
Clinvar,chr17,29548946,A,C,ENST00000261716.8
Clinvar,chr17,29559897,T,A,
Clinvar,chr17,37880261,G,C,
Clinvar,chr17,37880261,G,T,
Clinvar,chr17,38245586,G,C,
Clinvar,chr17,40689561,C,T,
Clinvar,chr17,44087767,G,A,ENST00000682912.1
Clinvar,chr17,73723934,T,C,
Clinvar,chr17,78082405,T,C,ENST00000696270.1
Clinvar,chr18,2667029,G,C,ENST00000320876.11
Clinvar,chr18,2667029,G,T,ENST00000320876.11
Clinvar,chr18,21533073,G,T,ENST00000269214.10
Clinvar,chr18,32346003,A,G,ENST00000269209.7
Clinvar,chr18,32374214,C,T,ENST00000269209.7
Clinvar,chr19,11213460,G,C,ENST00000294618.12
Clinvar,chr19,11222315,G,C,ENST00000294618.12
Clinvar,chr19,11226886,T,C,ENST00000294618.12
Clinvar,chr19,38946184,C,T,ENST00000292852.9
Clinvar,chr19,39066599,A,C,
Clinvar,chr20,13775585,A,C,ENST00000617257.2
Clinvar,chr21,47536591,G,C,
Clinvar,chrX,10188916,G,C,ENST00000380833.9
Clinvar,chrX,38226680,G,A,
Clinvar,chrX,38229130,G,T,
Clinvar,chrX,41203379,A,G,ENST00000378308.7
Clinvar,chrX,48649735,A,G,
Clinvar,chrX,70518358,G,T,
Clinvar,chrX,79278735,G,T,
Clinvar,chrX,107844715,G,A,ENST00000262843.11
Clinvar,chrX,107845219,G,A,ENST00000262843.11
Clinvar,chrX,107898687,G,C,ENST00000262843.11
Clinvar,chrX,107930924,G,C,ENST00000262843.11
Clinvar,chrX,133527982,G,A,
Clinvar,chrX,153776304,G,C,ENST00000361971.10
Clinvar,chr1,43804391,G,A,ENST00000347631.8
Clinvar,chr1,76211599,G,C,ENST00000328299.4
Clinvar,chr1,100341010,A,G,
Clinvar,chr1,100361944,G,A,ENST00000336454.5
Clinvar,chr1,164769126,G,A,ENST00000420696.7
Clinvar,chr1,164776913,A,G,ENST00000420696.7
Clinvar,chr1,197411420,G,T,ENST00000367400.8
Clinvar,chr1,218609489,G,A,
Clinvar,chr2,32361707,G,T,ENST00000421745.7
Clinvar,chr2,32362035,G,A,ENST00000421745.7
Clinvar,chr2,47288109,T,C,
Clinvar,chr2,47641557,G,T,ENST00000233146.7
Clinvar,chr2,47643568,G,T,ENST00000233146.7
Clinvar,chr2,47698201,G,A,ENST00000234420.11
Clinvar,chr2,47702408,T,A,ENST00000234420.11
Clinvar,chr2,48028294,G,C,
Clinvar,chr2,48032846,G,A,
Clinvar,chr2,48032846,G,C,
Clinvar,chr2,112758862,C,A,ENST00000302450.11
Clinvar,chr2,166211181,G,C,ENST00000642356.2
Clinvar,chr2,166229857,G,A,ENST00000642356.2
Clinvar,chr2,166229857,G,C,ENST00000642356.2
Clinvar,chr2,166229857,G,T,ENST00000642356.2
Clinvar,chr2,207653627,G,T,
Clinvar,chr3,9483929,G,A,
Clinvar,chr3,9516266,G,A,ENST00000287585.8
Clinvar,chr3,11059133,G,T,
Clinvar,chr3,12573157,A,G,ENST00000170447.12
Clinvar,chr3,41278200,G,C,ENST00000301831.9
Clinvar,chr3,45530302,G,A,ENST00000645846.2
Clinvar,chr3,52430813,G,C,
Clinvar,chr3,128616552,A,G,
Clinvar,chr3,193355068,C,T,ENST00000342358.9
Clinvar,chr4,5731117,G,T,ENST00000264956.11
Clinvar,chr4,15556833,G,A,ENST00000424120.6
Clinvar,chr4,140283091,G,A,ENST00000608372.6
Clinvar,chr4,184615875,A,G,
Clinvar,chr5,36972143,G,A,ENST00000282516.13
Clinvar,chr5,37008825,G,C,ENST00000282516.13
Clinvar,chr5,37020978,A,T,ENST00000282516.13
Clinvar,chr5,37044831,G,A,ENST00000282516.13
Clinvar,chr5,90119413,G,C,
Clinvar,chr5,112164669,G,C,ENST00000261486.6
Clinvar,chr5,149767651,G,A,ENST00000309241.10
Clinvar,chr6,32008361,G,A,
Clinvar,chr6,33409151,G,A,ENST00000428849.7
Clinvar,chr6,33409151,G,C,ENST00000428849.7
Clinvar,chr6,33414563,G,C,ENST00000374516.8
Clinvar,chr6,132181644,C,T,
Clinvar,chr6,157431695,G,A,ENST00000359775.10
Clinvar,chr7,21745155,G,C,ENST00000409508.8
Clinvar,chr7,55242511,G,A,
Clinvar,chr7,65548161,C,T,
Clinvar,chr7,65552373,G,C,
Clinvar,chr7,65557071,G,C,
Clinvar,chr7,94034203,A,G,
Clinvar,chr7,94053755,G,A,
Clinvar,chr7,107312691,T,A,ENST00000297135.9
Clinvar,chr7,117180400,G,T,ENST00000323984.8
Clinvar,chr7,117188875,A,G,ENST00000323984.8
Clinvar,chr7,117188876,A,C,ENST00000323984.8
Clinvar,chr7,141311087,G,A,ENST00000565468.6
Clinvar,chr7,143039235,G,A,
Clinvar,chr8,20070414,G,A,
Clinvar,chr8,43025837,G,C,ENST00000307602.9
Clinvar,chr8,61750814,G,A,
Clinvar,chr8,61761713,G,A,
Clinvar,chr8,75263699,A,T,
Clinvar,chr8,94770804,G,C,ENST00000414645.6
Clinvar,chr9,2110417,G,C,ENST00000349721.8
Clinvar,chr9,71841091,G,A,
Clinvar,chr9,75435996,A,G,
Clinvar,chr9,130440811,G,C,
Clinvar,chr9,131394762,A,G,ENST00000683519.1
Clinvar,chr9,137709677,G,C,ENST00000460843.6
Clinvar,chr9,138671314,A,G,
Clinvar,chr10,295027,G,C,ENST00000280886.12
Clinvar,chr10,13169902,A,C,ENST00000378714.8
Clinvar,chr10,88635842,G,A,
Clinvar,chr10,89720875,G,T,ENST00000371728.8
Clinvar,chr11,2604773,G,A,ENST00000155840.12
Clinvar,chr11,6413385,A,G,ENST00000609360.6
Clinvar,chr11,17582364,G,T,ENST00000399397.6
Clinvar,chr11,17650863,G,A,
Clinvar,chr11,20625968,G,A,ENST00000525748.6
Clinvar,chr11,44151688,G,A,ENST00000533608.7
Clinvar,chr11,61724935,A,G,ENST00000257215.10
Clinvar,chr11,68174280,A,G,ENST00000304363.9
Clinvar,chr11,76858995,A,T,
Clinvar,chr11,76892635,G,A,ENST00000532485.6
Clinvar,chr11,108168109,G,A,ENST00000278612.9
Clinvar,chr11,118360964,G,A,ENST00000252108.8
Clinvar,chr11,120999053,G,A,
Clinvar,chr11,124741034,G,C,ENST00000284292.11
Clinvar,chr12,52081003,C,T,ENST00000546390.2
Clinvar,chr12,112910844,T,G,ENST00000202917.10
Clinvar,chr13,40251716,G,A,
Clinvar,chr13,48916850,G,C,
Clinvar,chr13,48951169,A,C,
Clinvar,chr13,48954220,G,T,
Clinvar,chr13,113771908,T,C,ENST00000375353.5
Clinvar,chr14,21771702,G,A,
Clinvar,chr14,51089966,G,A,ENST00000684578.1
Clinvar,chr14,64470048,G,A,ENST00000608382.6
Clinvar,chr15,41021830,G,A,ENST00000648947.1
Clinvar,chr15,67479847,G,C,ENST00000335894.9
Clinvar,chr15,89395264,G,A,
Clinvar,chr15,93534746,C,G,
Clinvar,chr15,93534746,C,T,
Clinvar,chr16,27789090,A,G,ENST00000447459.7
Clinvar,chr16,31202430,A,T,ENST00000247470.10
Clinvar,chr16,56912073,G,A,ENST00000563236.6
Clinvar,chr16,68373871,G,T,ENST00000219334.10
Clinvar,chr16,68845762,G,A,ENST00000261778.2
Clinvar,chr16,78142384,G,A,ENST00000566780.6
Clinvar,chr17,2577581,A,G,
Clinvar,chr17,2577582,G,A,
Clinvar,chr17,2577582,G,C,
Clinvar,chr17,27805365,G,T,
Clinvar,chr17,29422387,G,C,ENST00000261716.8
Clinvar,chr17,29548947,G,T,ENST00000261716.8
Clinvar,chr17,29553702,G,C,
Clinvar,chr17,29560229,T,C,
Clinvar,chr17,29563039,G,T,ENST00000307201.5
Clinvar,chr17,29588875,G,C,ENST00000225394.8
Clinvar,chr17,29665157,G,C,ENST00000540801.6
Clinvar,chr17,37880261,G,A,
Clinvar,chr17,61560534,G,A,
Clinvar,chr17,70117961,G,T,ENST00000392671.6
Clinvar,chr17,73515128,G,A,ENST00000392650.8
Clinvar,chr18,19088240,G,C,
Clinvar,chr19,11123788,C,T,ENST00000558518.6
Clinvar,chr19,11138624,A,G,ENST00000592540.6
Clinvar,chr19,11213461,T,G,ENST00000294618.12
Clinvar,chr19,11216275,C,G,ENST00000294618.12
Clinvar,chr19,11226888,G,A,ENST00000294618.12
Clinvar,chr19,38968510,G,A,ENST00000292852.9
Clinvar,chr19,38974156,G,T,ENST00000292852.9
Clinvar,chr19,41920062,G,A,ENST00000597630.3
Clinvar,chr19,42839367,G,T,ENST00000306511.5
Clinvar,chr19,54646922,G,A,ENST00000695418.1
Clinvar,chr21,47407089,G,A,
Clinvar,chr22,51117614,G,T,
Clinvar,chr22,51123079,G,T,
Clinvar,chrX,18525278,A,G,ENST00000623535.2
Clinvar,chrX,18525280,G,A,ENST00000623535.2
Clinvar,chrX,18598088,G,C,ENST00000623535.2
Clinvar,chrX,21990688,C,G,ENST00000404933.7
Clinvar,chrX,22095820,G,A,ENST00000379374.5
Clinvar,chrX,22151740,A,C,ENST00000379374.5
Clinvar,chrX,22151741,G,C,ENST00000379374.5
Clinvar,chrX,48382458,T,C,
Clinvar,chrX,69253371,A,G,
Clinvar,chrX,70361219,A,G,ENST00000374403.4
Clinvar,chrX,70603984,G,A,ENST00000374333.7
Clinvar,chrX,77275895,G,C,
Clinvar,chrX,77296230,A,T,
Clinvar,chrX,77298932,G,A,
Clinvar,chrX,107910413,G,T,ENST00000262843.11
Clinvar,chrX,107920863,G,A,ENST00000262843.11
Clinvar,chrX,107929359,G,C,ENST00000262843.11
Clinvar,chrX,135736589,G,T,
Clinvar,chrX,148048609,C,G,
Clinvar,chrX,152958630,G,C,ENST00000695776.1
Clinvar,chrX,152959470,C,A,ENST00000695776.1
Clinvar,chrX,153640551,G,C,
Clinvar,chr1,1460622,T,G,ENST00000378785.7
Clinvar,chr1,12056214,A,G,
Clinvar,chr1,12056215,C,T,
Clinvar,chr1,21889604,C,T,ENST00000374695.8
Clinvar,chr1,109778600,T,C,
Clinvar,chr1,150315787,G,T,
Clinvar,chr1,197396584,A,T,ENST00000367400.8
Clinvar,chr1,237946977,A,C,
Clinvar,chr2,32366973,G,C,ENST00000421745.7
Clinvar,chr2,71894506,A,G,
Clinvar,chr2,189855034,G,T,ENST00000441310.7
Clinvar,chr2,189866123,G,A,ENST00000441310.7
Clinvar,chr2,189870076,G,A,ENST00000441310.7
Clinvar,chr2,189872227,G,T,ENST00000441310.7
Clinvar,chr2,203332244,T,C,ENST00000261018.12
Clinvar,chr2,203332244,T,G,ENST00000261018.12
Clinvar,chr2,241808588,T,A,
Clinvar,chr3,12475399,C,T,
Clinvar,chr3,52391631,T,G,ENST00000420323.7
Clinvar,chr3,129251096,A,G,ENST00000314797.10
Clinvar,chr3,132384669,G,A,
Clinvar,chr3,193361764,A,T,ENST00000342358.9
Clinvar,chr4,1803564,C,T,ENST00000440486.8
Clinvar,chr4,2833300,G,A,ENST00000503393.8
Clinvar,chr4,2833300,G,C,ENST00000503393.8
Clinvar,chr4,55593584,A,C,
Clinvar,chr4,55593584,A,T,
Clinvar,chr4,88533258,T,G,
Clinvar,chr4,126400898,G,T,
Clinvar,chr5,34933922,A,G,ENST00000648817.1
Clinvar,chr5,37048604,G,A,ENST00000282516.13
Clinvar,chr5,118829515,C,T,
Clinvar,chr5,161322674,G,T,ENST00000393959.6
Clinvar,chr6,32008648,C,T,
Clinvar,chr6,50805690,C,A,
Clinvar,chr7,21940627,G,A,ENST00000406877.8
Clinvar,chr7,94034006,G,A,
Clinvar,chr7,94042395,G,A,
Clinvar,chr7,94043534,G,A,
Clinvar,chr7,94047811,G,T,
Clinvar,chr7,94049545,G,C,
Clinvar,chr7,94049853,G,A,
Clinvar,chr7,94050321,G,C,
Clinvar,chr7,94052270,G,C,
Clinvar,chr7,94053649,G,A,
Clinvar,chr7,105190709,T,C,ENST00000393651.8
Clinvar,chr7,117230407,A,C,
Clinvar,chr7,117230409,C,A,
Clinvar,chr8,61728948,C,T,
Clinvar,chr8,94798451,A,G,
Clinvar,chr9,130263290,G,A,
Clinvar,chr9,133755889,G,A,
Clinvar,chr9,134384300,A,G,ENST00000481739.2
Clinvar,chr9,138656879,C,G,
Clinvar,chr10,27035262,A,C,ENST00000376087.5
Clinvar,chr10,89653782,A,C,
Clinvar,chr11,2594078,G,C,ENST00000155840.12
Clinvar,chr11,2606442,G,A,ENST00000155840.12
Clinvar,chr11,6415128,A,G,ENST00000609360.6
Clinvar,chr11,67816548,G,A,
Clinvar,chr11,68216277,G,C,
Clinvar,chr11,68701934,G,A,
Clinvar,chr11,112100933,G,A,ENST00000375549.8
Clinvar,chr11,112104157,C,T,ENST00000375549.8
Clinvar,chr11,118959794,G,T,
Clinvar,chr11,118960701,C,T,
Clinvar,chr11,118962123,C,T,
Clinvar,chr11,118962124,G,T,
Clinvar,chr12,50357875,A,T,ENST00000327337.6
Clinvar,chr12,56492545,G,A,
Clinvar,chr12,112915456,T,A,ENST00000202917.10
Clinvar,chr12,112915456,T,G,ENST00000202917.10
Clinvar,chr13,23894778,T,C,
Clinvar,chr13,32937317,T,G,
Clinvar,chr14,51062295,T,A,ENST00000684578.1
Clinvar,chr14,51089895,G,A,ENST00000684578.1
Clinvar,chr14,68193700,C,A,ENST00000471583.6
Clinvar,chr14,68193700,C,G,ENST00000471583.6
Clinvar,chr14,81562985,A,G,
Clinvar,chr15,27188364,G,C,ENST00000615808.5
Clinvar,chr15,27188364,G,T,ENST00000615808.5
Clinvar,chr16,602863,G,A,ENST00000248139.8
Clinvar,chr16,30387467,C,T,ENST00000613509.2
Clinvar,chr16,56385297,A,C,ENST00000290649.10
Clinvar,chr16,67470154,G,A,ENST00000290949.8
Clinvar,chr17,19566648,C,T,ENST00000270570.8
Clinvar,chr18,2697032,A,G,ENST00000320876.11
Clinvar,chr18,60027189,T,C,
Clinvar,chr19,11223954,G,A,ENST00000294618.12
Clinvar,chr19,11231046,G,C,ENST00000294618.12
Clinvar,chr19,13004299,T,C,ENST00000592199.6
Clinvar,chr19,17992770,A,C,ENST00000684775.1
Clinvar,chr19,38939289,G,A,
Clinvar,chr21,33039573,A,G,
Clinvar,chr21,47409523,G,A,
Clinvar,chr21,47409666,G,C,
Clinvar,chr21,47409667,G,A,
Clinvar,chr21,47536291,G,A,
Clinvar,chrX,43590942,G,T,
Clinvar,chrX,66937322,T,C,
Clinvar,chrX,66943530,T,G,
Clinvar,chrX,77378693,T,C,
Clinvar,chrX,107841932,G,A,ENST00000262843.11
Clinvar,chrX,107841933,G,A,ENST00000262843.11
Clinvar,chrX,107938038,T,C,
Clinvar,chrX,107938039,G,C,
Clinvar,chrX,122613916,C,T,
Clinvar,chrY,6931939,A,T,ENST00000383032.6
Clinvar,chr1,27105514,C,T,ENST00000263980.8
Clinvar,chr1,76198539,A,G,ENST00000328299.4
Clinvar,chr1,93301748,T,C,
Clinvar,chr1,156105693,T,C,ENST00000677389.1
Clinvar,chr1,160106360,G,A,
Clinvar,chr1,162724415,C,G,ENST00000367921.8
Clinvar,chr1,164776780,C,T,ENST00000420696.7
Clinvar,chr1,237551387,G,A,ENST00000366574.7
Clinvar,chr2,32366975,G,T,ENST00000421745.7
Clinvar,chr2,32379444,T,G,ENST00000421745.7
Clinvar,chr2,112779001,T,C,ENST00000263339.4
Clinvar,chr2,189852808,G,T,ENST00000441310.7
Clinvar,chr2,189853316,G,A,ENST00000441310.7
Clinvar,chr2,189853317,G,T,ENST00000441310.7
Clinvar,chr2,189858087,G,A,ENST00000441310.7
Clinvar,chr2,189858765,G,T,ENST00000441310.7
Clinvar,chr2,189858961,G,C,ENST00000441310.7
Clinvar,chr2,189861891,G,A,ENST00000441310.7
Clinvar,chr2,189863400,G,A,ENST00000441310.7
Clinvar,chr2,189864197,G,C,ENST00000441310.7
Clinvar,chr2,189870932,G,A,ENST00000441310.7
Clinvar,chr2,189871663,G,T,ENST00000441310.7
Clinvar,chr2,228102684,G,C,ENST00000392056.8
Clinvar,chr2,228115856,G,T,ENST00000392056.8
Clinvar,chr2,228118013,G,T,ENST00000392056.8
Clinvar,chr2,228118277,G,A,ENST00000392056.8
Clinvar,chr2,228142165,G,A,ENST00000392056.8
Clinvar,chr2,228142165,G,T,ENST00000392056.8
Clinvar,chr2,228154715,G,A,ENST00000392056.8
Clinvar,chr2,228157908,G,A,ENST00000392056.8
Clinvar,chr3,25637911,G,A,ENST00000264331.9
Clinvar,chr3,30715598,T,A,
Clinvar,chr3,37038115,A,T,ENST00000231790.8
Clinvar,chr3,37083759,T,G,ENST00000336686.9
Clinvar,chr3,70005608,G,C,
Clinvar,chr3,129249719,G,T,ENST00000314797.10
Clinvar,chr3,193355741,G,C,ENST00000342358.9
Clinvar,chr4,26417098,T,G,ENST00000355476.8
Clinvar,chr5,35873583,A,C,ENST00000303115.8
Clinvar,chr5,37044738,G,T,ENST00000282516.13
Clinvar,chr5,149755284,G,A,ENST00000309241.10
Clinvar,chr5,176694565,G,C,
Clinvar,chr6,30888447,G,C,ENST00000376568.8
Clinvar,chr6,31930762,C,T,ENST00000299367.10
Clinvar,chr6,76568620,G,C,
Clinvar,chr6,80878592,A,T,
Clinvar,chr6,80878593,T,G,
Clinvar,chr7,30655514,A,G,ENST00000471646.6
Clinvar,chr7,33192315,A,G,ENST00000242067.11
Clinvar,chr7,94034006,G,T,
Clinvar,chr7,94035562,G,A,
Clinvar,chr7,94043535,G,T,
Clinvar,chr7,94049854,G,T,
Clinvar,chr7,94052270,G,T,
Clinvar,chr7,107329499,T,G,ENST00000297135.9
Clinvar,chr7,107335067,C,G,ENST00000297135.9
Clinvar,chr7,107341546,G,A,ENST00000297135.9
Clinvar,chr7,157160067,G,A,ENST00000348165.10
Clinvar,chr8,26439487,C,A,ENST00000380629.7
Clinvar,chr8,43047448,G,C,ENST00000302279.8
Clinvar,chr9,463519,G,A,ENST00000432829.7
Clinvar,chr9,34513110,G,T,ENST00000242317.9
Clinvar,chr9,75431059,C,G,
Clinvar,chr9,130444686,G,T,
Clinvar,chr9,137642389,G,C,ENST00000460843.6
Clinvar,chr9,138656879,C,A,
Clinvar,chr9,138676381,T,C,
Clinvar,chr10,73375261,G,A,ENST00000372921.10
Clinvar,chr10,89653782,A,G,
Clinvar,chr10,104130142,C,T,ENST00000357060.8
Clinvar,chr10,112362583,G,T,
Clinvar,chr11,1464720,G,A,
Clinvar,chr11,103114422,A,C,ENST00000375735.7
Clinvar,chr12,52159456,T,A,
Clinvar,chr12,52180326,G,T,ENST00000394815.3
Clinvar,chr12,79689850,T,G,ENST00000328827.9
Clinvar,chr12,123741360,T,C,ENST00000330342.8
Clinvar,chr13,100953714,G,C,
Clinvar,chr14,51062294,C,T,ENST00000684578.1
Clinvar,chr14,76542940,C,T,
Clinvar,chr15,40268616,T,G,ENST00000560346.6
Clinvar,chr15,42679952,T,C,ENST00000290607.12
Clinvar,chr15,44046024,G,A,ENST00000417257.6
Clinvar,chr15,67457235,C,A,ENST00000335894.9
Clinvar,chr16,2121511,G,C,ENST00000262304.9
Clinvar,chr16,31500445,G,A,ENST00000327237.7
Clinvar,chr16,56226486,G,T,ENST00000262493.12
Clinvar,chr16,89620894,G,A,ENST00000690203.1
Clinvar,chr17,7402601,G,A,
Clinvar,chr17,18034553,A,T,ENST00000474627.8
Clinvar,chr17,18058628,G,C,ENST00000268719.9
Clinvar,chr17,29557278,G,C,
Clinvar,chr17,29557278,G,T,
Clinvar,chr17,29685499,C,T,ENST00000540801.6
Clinvar,chr17,60642362,T,C,ENST00000305921.8
Clinvar,chr19,1222986,G,T,ENST00000326873.12
Clinvar,chr19,11224213,C,A,ENST00000294618.12
Clinvar,chr19,50921099,C,G,
Clinvar,chr20,10286777,G,C,ENST00000254976.7
Clinvar,chr20,43042336,G,A,ENST00000373187.6
Clinvar,chr21,46901878,G,T,
Clinvar,chr21,47535787,G,A,
Clinvar,chr21,47535787,G,T,
Clinvar,chr21,47535924,G,T,
Clinvar,chr22,32239081,G,T,ENST00000266086.6
Clinvar,chr22,41565507,G,C,ENST00000306149.12
Clinvar,chr22,46746247,G,T,
Clinvar,chr22,46748019,G,T,
Clinvar,chrX,18528940,G,C,ENST00000623535.2
Clinvar,chrX,41202469,T,G,ENST00000378308.7
Clinvar,chrX,48385378,G,T,ENST00000595689.3
Clinvar,chrX,48759208,G,A,
Clinvar,chrX,66931246,C,T,
Clinvar,chrX,68058462,T,C,ENST00000355520.6
Clinvar,chrX,70597453,G,A,ENST00000374333.7
Clinvar,chrX,107819140,G,A,
Clinvar,chrX,107821309,G,A,
Clinvar,chrX,107821522,G,T,
Clinvar,chrX,107826114,G,T,ENST00000262843.11
Clinvar,chrX,107844623,G,A,ENST00000262843.11
Clinvar,chrX,107849973,G,A,ENST00000262843.11
Clinvar,chrX,107868935,G,A,ENST00000262843.11
Clinvar,chrX,107869440,G,A,ENST00000262843.11
Clinvar,chrX,107910363,G,T,ENST00000262843.11
Clinvar,chrX,107911549,G,T,ENST00000262843.11
Clinvar,chrX,107913458,G,T,ENST00000262843.11
Clinvar,chrX,107920730,G,T,ENST00000262843.11
Clinvar,chrX,107930712,G,A,ENST00000262843.11
Clinvar,chrX,107938039,G,T,
Clinvar,chrX,110439071,G,A,ENST00000520821.6
Clinvar,chrX,153648551,G,T,ENST00000342782.4
Clinvar,chr1,43394883,A,G,ENST00000634258.3
Clinvar,chr1,43396718,G,A,ENST00000634258.3
Clinvar,chr1,59154710,C,T,
Clinvar,chr1,111146511,C,A,ENST00000357172.9
Clinvar,chr1,224612222,A,C,ENST00000272133.4
Clinvar,chr2,27668796,A,C,ENST00000326019.11
Clinvar,chr2,39283845,T,C,ENST00000263881.8
Clinvar,chr2,69633155,G,A,ENST00000409085.9
Clinvar,chr2,166858983,A,T,
Clinvar,chr2,166858984,C,A,
Clinvar,chr2,166901553,C,G,ENST00000409195.6
Clinvar,chr2,166904137,C,T,ENST00000409195.6
Clinvar,chr2,178098804,C,T,ENST00000286063.11
Clinvar,chr2,178098806,G,T,ENST00000286063.11
Clinvar,chr2,189910526,C,T,ENST00000340623.4
Clinvar,chr2,223496325,T,C,
Clinvar,chr2,227872735,A,G,ENST00000309931.3
Clinvar,chr2,238268005,C,T,ENST00000254657.8
Clinvar,chr2,238270382,C,A,ENST00000254657.8
Clinvar,chr2,240078350,G,T,
Clinvar,chr3,18419663,T,C,ENST00000696125.1
Clinvar,chr3,38595770,C,G,ENST00000413689.6
Clinvar,chr3,38655235,T,G,
Clinvar,chr3,48604563,G,A,ENST00000203407.6
Clinvar,chr3,48606808,C,G,ENST00000203407.6
Clinvar,chr3,48611695,C,A,
Clinvar,chr3,48613834,T,C,
Clinvar,chr3,48629106,C,T,ENST00000395550.7
Clinvar,chr3,48632509,T,C,ENST00000395550.7
Clinvar,chr3,53145846,C,T,
Clinvar,chr3,53156392,T,C,ENST00000330452.8
Clinvar,chr3,58417322,T,C,ENST00000356151.7
Clinvar,chr3,71019887,C,T,ENST00000649528.3
Clinvar,chr3,168818673,C,G,
Clinvar,chr3,183960601,C,G,ENST00000334444.11
Clinvar,chr5,151230953,T,C,ENST00000357164.4
Clinvar,chr5,160972234,A,G,
Clinvar,chr6,31655818,C,T,ENST00000375916.4
Clinvar,chr6,31842500,T,C,
Clinvar,chr7,140453987,T,C,ENST00000255977.7
Clinvar,chr7,150648538,C,T,
Clinvar,chr8,17920695,C,A,
Clinvar,chr8,38271436,C,A,ENST00000317025.13
Clinvar,chr8,72127622,C,G,
Clinvar,chr8,143957658,G,A,ENST00000345136.8
Clinvar,chr8,143957658,G,C,ENST00000345136.8
Clinvar,chr8,143995680,C,T,ENST00000313028.12
Clinvar,chr9,6553370,T,C,ENST00000321612.8
Clinvar,chr9,6589195,C,G,ENST00000321612.8
Clinvar,chr9,34637265,C,G,ENST00000277010.9
Clinvar,chr9,130581903,G,A,ENST00000319725.10
Clinvar,chr9,130586583,C,G,ENST00000319725.10
Clinvar,chr9,131399198,G,A,ENST00000683519.1
Clinvar,chr9,135800974,C,G,
Clinvar,chr9,136221679,C,G,ENST00000358701.10
Clinvar,chr10,126091497,G,A,ENST00000448723.2
Clinvar,chr11,31823109,G,C,
Clinvar,chr11,31823109,G,T,
Clinvar,chr11,31824253,T,G,
Clinvar,chr11,62472773,C,G,ENST00000378024.9
Clinvar,chr12,33003700,C,G,
Clinvar,chr12,49427850,C,A,ENST00000552918.6
Clinvar,chr12,110246103,C,T,
Clinvar,chr12,114823281,C,T,
Clinvar,chr14,23873505,A,C,
Clinvar,chr14,23896451,T,C,
Clinvar,chr14,23900796,A,G,
Clinvar,chr16,148143,C,G,ENST00000252951.3
Clinvar,chr16,14674731,T,C,ENST00000438167.8
Clinvar,chr16,58577513,G,A,ENST00000317147.10
Clinvar,chr16,89371614,C,T,ENST00000301030.10
Clinvar,chr16,89805887,T,C,ENST00000389301.8
Clinvar,chr16,89812992,C,T,ENST00000389301.8
Clinvar,chr16,89828358,G,A,ENST00000378247.8
Clinvar,chr16,89869667,C,T,ENST00000378247.8
Clinvar,chr16,89874702,C,G,ENST00000263346.13
Clinvar,chr17,436083,T,C,
Clinvar,chr17,4804089,T,C,
Clinvar,chr17,8014677,C,T,ENST00000254854.5
Clinvar,chr17,26898067,C,G,
Clinvar,chr17,42988605,G,A,ENST00000361677.6
Clinvar,chr17,79864636,G,A,
Clinvar,chr18,21134723,G,A,
Clinvar,chr18,55361814,C,T,ENST00000354452.8
Clinvar,chr18,55365029,G,T,ENST00000354452.8
Clinvar,chr19,36336272,A,G,ENST00000270001.12
Clinvar,chr19,55665399,T,G,ENST00000308924.9
Clinvar,chr19,55665400,T,C,ENST00000308924.9
Clinvar,chr20,3208906,G,A,ENST00000380113.8
Clinvar,chr20,6103422,T,C,ENST00000217289.9
Clinvar,chr20,10628608,C,A,ENST00000334534.10
Clinvar,chr20,62069979,T,C,
Clinvar,chr22,17684454,G,A,ENST00000317582.10
Clinvar,chr22,22127164,C,G,
Clinvar,chr22,38379366,C,A,
Clinvar,chr22,50518347,G,T,ENST00000420993.7
Clinvar,chr22,50518348,T,C,ENST00000420993.7
Clinvar,chr22,51065021,A,T,
Clinvar,chrX,18665312,C,T,ENST00000379984.4
Clinvar,chrX,48781128,C,T,
Clinvar,chrX,62893918,C,T,
Clinvar,chrX,70330356,A,G,ENST00000374403.4
Clinvar,chrX,110653263,C,T,
Clinvar,chrX,152857966,G,A,ENST00000370274.8
Clinvar,chrX,153197526,A,C,
Clinvar,chrX,153197526,A,T,
Clinvar,chrX,153706623,C,A,ENST00000345046.12
Clinvar,chrX,154134696,A,G,ENST00000303391.11
Clinvar,chr1,1724685,A,G,
Clinvar,chr1,17350468,C,A,ENST00000375448.4
Clinvar,chr1,20981107,C,G,ENST00000602326.6
Clinvar,chr1,45797333,C,T,ENST00000361297.7
Clinvar,chr1,45798063,C,G,ENST00000361297.7
Clinvar,chr1,45798246,C,G,ENST00000361297.7
Clinvar,chr1,62993822,C,T,
Clinvar,chr1,68897154,C,T,
Clinvar,chr1,94528670,G,T,
Clinvar,chr1,94578529,A,C,
Clinvar,chr1,103444940,G,A,
Clinvar,chr1,155204988,G,C,ENST00000368378.7
Clinvar,chr1,158589960,C,G,
Clinvar,chr1,158626354,C,T,ENST00000643759.2
Clinvar,chr1,158637648,C,T,ENST00000643759.2
Clinvar,chr1,201334738,A,C,
Clinvar,chr1,201334738,A,T,
Clinvar,chr1,216258040,C,T,ENST00000307340.8
Clinvar,chr1,241676903,C,G,ENST00000366554.3
Clinvar,chr1,245020030,C,G,ENST00000366523.6
Clinvar,chr1,245025921,C,T,ENST00000366523.6
Clinvar,chr2,26416446,C,T,ENST00000288710.7
Clinvar,chr2,27535361,C,T,
Clinvar,chr2,39234174,C,T,
Clinvar,chr2,55907990,C,T,ENST00000355426.8
Clinvar,chr2,60780351,G,A,ENST00000238714.8
Clinvar,chr2,62065673,C,T,ENST00000311832.6
Clinvar,chr2,145153979,C,T,
Clinvar,chr2,166892558,C,G,ENST00000409195.6
Clinvar,chr2,166905396,C,G,ENST00000409195.6
Clinvar,chr2,166905397,C,T,ENST00000409195.6
Clinvar,chr2,167134650,C,A,ENST00000409195.6
Clinvar,chr2,175618231,C,A,
Clinvar,chr2,200213425,T,G,
Clinvar,chr2,215645284,C,A,
Clinvar,chr2,223096798,T,G,ENST00000281830.4
Clinvar,chr2,225368369,C,T,
Clinvar,chr2,227890518,C,A,ENST00000309931.3
Clinvar,chr2,227898126,C,A,ENST00000309931.3
Clinvar,chr2,227973549,C,T,
Clinvar,chr2,238268005,C,G,ENST00000254657.8
Clinvar,chr2,238268006,T,C,ENST00000254657.8
Clinvar,chr2,241737066,G,T,ENST00000321264.9
Clinvar,chr3,15495336,C,T,ENST00000383788.10
Clinvar,chr3,48625715,C,A,
Clinvar,chr3,49456693,C,T,
Clinvar,chr3,71026979,C,T,ENST00000649528.3
Clinvar,chr3,71247354,T,C,ENST00000649528.3
Clinvar,chr3,87322499,G,A,
Clinvar,chr3,114069123,G,T,ENST00000281273.8
Clinvar,chr3,123044170,A,G,
Clinvar,chr3,136077990,T,C,ENST00000264977.8
Clinvar,chr3,136260963,C,T,ENST00000251654.9
Clinvar,chr3,168812864,C,T,
Clinvar,chr3,180369189,C,T,
Clinvar,chr4,15985886,C,A,ENST00000447510.7
Clinvar,chr5,37165641,C,T,ENST00000651892.2
Clinvar,chr5,125930699,C,G,
Clinvar,chr6,79657340,C,A,ENST00000369838.6
Clinvar,chr6,88258311,A,G,
Clinvar,chr6,107533315,T,C,ENST00000317357.10
Clinvar,chr6,135754165,C,A,
Clinvar,chr6,135768146,C,A,
Clinvar,chr7,5567912,C,A,
Clinvar,chr7,6035165,C,T,ENST00000199389.11
Clinvar,chr7,44186063,T,C,ENST00000403799.8
Clinvar,chr7,44189361,A,G,ENST00000403799.8
Clinvar,chr7,44281301,T,C,ENST00000395749.7
Clinvar,chr7,127975597,C,A,ENST00000354725.8
Clinvar,chr7,150647258,A,G,
Clinvar,chr8,17916346,T,G,
Clinvar,chr8,143823221,C,T,ENST00000526683.6
Clinvar,chr8,143957129,G,A,ENST00000345136.8
Clinvar,chr8,145540517,T,C,
Clinvar,chr9,95480822,T,C,ENST00000331920.11
Clinvar,chr9,127255309,C,T,ENST00000373387.9
Clinvar,chr9,135171259,C,G,
Clinvar,chr9,135800974,C,A,
Clinvar,chr10,95360152,C,T,ENST00000371247.7
Clinvar,chr10,104591267,G,A,
Clinvar,chr10,131755522,C,T,
Clinvar,chr11,31816179,T,C,ENST00000640368.2
Clinvar,chr11,47364812,T,A,ENST00000378538.8
Clinvar,chr11,47374174,C,G,ENST00000378538.8
Clinvar,chr11,62414034,C,T,ENST00000278282.3
Clinvar,chr11,64574483,C,A,
Clinvar,chr12,25380168,C,T,
Clinvar,chr12,33003701,T,A,
Clinvar,chr12,49416063,C,T,ENST00000552918.6
Clinvar,chr12,49427850,C,T,ENST00000552918.6
Clinvar,chr12,49435872,C,G,ENST00000552918.6
Clinvar,chr12,49442442,C,T,ENST00000552918.6
Clinvar,chr12,49442443,T,G,ENST00000552918.6
Clinvar,chr12,49447260,T,C,ENST00000552918.6
Clinvar,chr12,56580972,G,A,ENST00000262031.10
Clinvar,chr12,57407143,G,T,ENST00000402412.6
Clinvar,chr12,88478363,C,G,
Clinvar,chr12,88482809,C,T,
Clinvar,chr12,114823281,C,G,
Clinvar,chr12,116420189,C,A,
Clinvar,chr13,24415475,A,G,
Clinvar,chr13,52532447,C,T,
Clinvar,chr13,110825067,C,T,
Clinvar,chr13,110825068,T,C,
Clinvar,chr14,23886078,T,G,
Clinvar,chr14,94848929,C,A,
Clinvar,chr15,35084293,A,G,ENST00000528386.4
Clinvar,chr15,43501472,C,G,ENST00000382044.9
Clinvar,chr15,45388026,C,A,ENST00000396659.8
Clinvar,chr15,48719764,C,T,ENST00000380950.7
Clinvar,chr15,48729158,C,A,ENST00000380950.7
Clinvar,chr15,48736738,C,G,ENST00000380950.7
Clinvar,chr15,48737573,C,T,ENST00000380950.7
Clinvar,chr15,48738903,C,A,ENST00000380950.7
Clinvar,chr15,48766452,C,T,ENST00000380950.7
Clinvar,chr15,48782048,C,T,ENST00000380950.7
Clinvar,chr15,48787320,C,A,ENST00000380950.7
Clinvar,chr15,91551100,C,G,
Clinvar,chr16,2150397,C,A,ENST00000210187.11
Clinvar,chr16,2156092,C,T,ENST00000326181.11
Clinvar,chr16,3807289,C,T,ENST00000262367.10
Clinvar,chr16,3830733,A,G,ENST00000262367.10
Clinvar,chr16,9943613,T,C,ENST00000330684.4
Clinvar,chr16,14722030,T,C,ENST00000531598.7
Clinvar,chr16,28493426,C,A,ENST00000636147.2
Clinvar,chr16,70291936,G,A,ENST00000288071.11
Clinvar,chr16,71609825,C,T,
Clinvar,chr17,7100076,C,T,
Clinvar,chr17,36104532,C,T,ENST00000615863.2
Clinvar,chr17,41209069,C,A,
Clinvar,chr17,41242961,C,G,
Clinvar,chr17,41267745,G,C,
Clinvar,chr17,42987510,G,T,ENST00000361677.6
Clinvar,chr17,44110447,T,C,ENST00000682912.1
Clinvar,chr17,44143903,C,A,ENST00000585683.6
Clinvar,chr17,59820374,C,A,ENST00000262291.9
Clinvar,chr17,79891184,T,C,
Clinvar,chr18,2929063,C,T,ENST00000677752.1
Clinvar,chr18,21114411,G,A,
Clinvar,chr18,52901779,C,A,ENST00000442544.7
Clinvar,chr19,4102374,C,T,ENST00000262948.10
Clinvar,chr19,13346025,G,T,ENST00000360228.11
Clinvar,chr19,33353367,C,G,
Clinvar,chr19,36322200,T,G,
Clinvar,chr19,42474541,A,C,
Clinvar,chr19,42489072,T,G,
Clinvar,chr20,10622110,G,C,ENST00000334534.10
Clinvar,chr20,49518554,C,G,ENST00000244043.5
Clinvar,chr20,49562385,T,C,ENST00000244043.5
Clinvar,chr20,62045441,C,T,ENST00000252996.9
Clinvar,chr20,62076013,T,A,
Clinvar,chr21,36252856,C,A,ENST00000691173.1
Clinvar,chr22,22127164,C,T,
Clinvar,chrX,18949759,C,A,ENST00000379942.5
Clinvar,chrX,20183019,C,G,ENST00000379565.9
Clinvar,chrX,20206617,G,A,ENST00000379565.9
Clinvar,chrX,20227406,C,G,ENST00000379565.9
Clinvar,chrX,32717229,C,G,ENST00000357033.9
Clinvar,chrX,32827610,C,T,ENST00000357033.9
Clinvar,chrX,41428921,C,T,
Clinvar,chrX,53231036,C,A,ENST00000642864.1
Clinvar,chrX,64141697,C,A,
Clinvar,chrX,67339090,C,T,
Clinvar,chrX,148571845,C,A,ENST00000370460.7
Clinvar,chrX,153197771,C,A,
Clinvar,chrX,153297659,T,C,
Clinvar,chrX,153599241,C,T,ENST00000576892.8
Clinvar,chrX,154132573,T,C,ENST00000303391.11
Clinvar,chr1,24137288,A,T,ENST00000270800.2
Clinvar,chr1,40557070,T,A,
Clinvar,chr1,45798840,A,T,ENST00000361297.7
Clinvar,chr1,52849240,A,G,ENST00000371528.2
Clinvar,chr1,68895610,C,A,
Clinvar,chr1,91818856,C,G,ENST00000212355.9
Clinvar,chr1,103471870,C,T,
Clinvar,chr1,155205634,T,G,ENST00000368378.7
Clinvar,chr1,155207367,A,T,ENST00000368378.7
Clinvar,chr1,155207368,A,C,ENST00000368378.7
Clinvar,chr1,201035071,G,C,
Clinvar,chr1,202568479,T,G,ENST00000608999.6
Clinvar,chr1,210977506,G,A,ENST00000271751.10
Clinvar,chr1,229567932,G,A,
Clinvar,chr1,243859016,C,T,
Clinvar,chr2,166615372,G,T,
Clinvar,chr2,166893039,A,T,ENST00000409195.6
Clinvar,chr2,166893040,C,T,ENST00000409195.6
Clinvar,chr2,167085481,A,T,ENST00000409195.6
Clinvar,chr2,175809670,T,A,
Clinvar,chr2,200193633,C,T,
Clinvar,chr2,202504987,G,A,ENST00000374580.10
Clinvar,chr2,227875217,C,T,ENST00000309931.3
Clinvar,chr2,238269816,C,A,ENST00000254657.8
Clinvar,chr2,241712671,T,C,ENST00000313552.11
Clinvar,chr2,241722524,C,A,ENST00000313552.11
Clinvar,chr3,15495438,C,T,ENST00000383788.10
Clinvar,chr3,33110461,A,G,
Clinvar,chr3,48605966,C,T,ENST00000203407.6
Clinvar,chr3,48606287,C,T,ENST00000203407.6
Clinvar,chr3,48607610,C,T,ENST00000203407.6
Clinvar,chr3,48610375,C,T,ENST00000203407.6
Clinvar,chr3,48611983,C,G,
Clinvar,chr3,48612558,C,A,
Clinvar,chr3,48612559,C,A,
Clinvar,chr3,48614204,C,G,
Clinvar,chr3,48616386,C,T,
Clinvar,chr3,48616836,C,A,
Clinvar,chr3,48617490,C,G,
Clinvar,chr3,48619191,C,T,
Clinvar,chr3,48620480,C,A,
Clinvar,chr3,48621047,C,T,ENST00000330862.4
Clinvar,chr3,48625837,G,C,ENST00000395550.7
Clinvar,chr3,49137729,C,A,
Clinvar,chr3,128200744,G,A,ENST00000254730.11
Clinvar,chr3,128200745,T,G,ENST00000254730.11
Clinvar,chr3,164777814,A,G,
Clinvar,chr3,182755220,A,C,
Clinvar,chr4,1206816,G,A,ENST00000290902.10
Clinvar,chr4,10077108,T,A,ENST00000499869.7
Clinvar,chr5,38489345,G,C,ENST00000453190.7
Clinvar,chr5,121411234,G,A,
Clinvar,chr5,140057598,A,C,
Clinvar,chr6,10400820,C,T,ENST00000379613.10
Clinvar,chr6,10402841,G,A,ENST00000379613.10
Clinvar,chr6,42672347,C,A,ENST00000372901.2
Clinvar,chr6,42672347,C,T,ENST00000372901.2
Clinvar,chr6,49421467,A,G,
Clinvar,chr6,131939657,G,C,
Clinvar,chr6,165829768,A,G,ENST00000539869.4
Clinvar,chr7,140453192,A,T,ENST00000255977.7
Clinvar,chr7,152357866,A,G,ENST00000262189.11
Clinvar,chr8,38002831,G,A,
Clinvar,chr8,143957293,G,A,ENST00000345136.8
Clinvar,chr9,35074211,G,A,ENST00000378643.8
Clinvar,chr9,73167958,T,C,ENST00000257497.11
Clinvar,chr9,99006675,G,A,ENST00000375001.8
Clinvar,chr9,127265498,C,T,ENST00000373387.9
Clinvar,chr9,135210114,C,T,
Clinvar,chr9,139327525,C,A,
Clinvar,chr10,131755588,C,A,
Clinvar,chr10,131755588,C,G,
Clinvar,chr10,131755588,C,T,
Clinvar,chr11,5248301,T,G,ENST00000330597.5
Clinvar,chr11,17432200,C,T,ENST00000389817.8
Clinvar,chr11,47359130,C,T,ENST00000378538.8
Clinvar,chr11,66619415,C,T,ENST00000310137.5
Clinvar,chr11,77830295,T,A,ENST00000393427.7
Clinvar,chr12,12397589,G,A,ENST00000314565.9
Clinvar,chr12,32903039,C,T,
Clinvar,chr12,48258958,C,T,
Clinvar,chr12,48369387,C,T,
Clinvar,chr12,48376391,C,T,
Clinvar,chr12,48379748,C,A,
Clinvar,chr12,48380958,C,T,
Clinvar,chr12,48389546,C,T,
Clinvar,chr12,49440205,C,A,ENST00000552918.6
Clinvar,chr12,53702802,A,G,
Clinvar,chr12,103249110,A,C,ENST00000548883.6
Clinvar,chr12,103249110,A,T,ENST00000548883.6
Clinvar,chr13,52518426,A,T,
Clinvar,chr13,52532679,A,G,
Clinvar,chr13,101720383,T,A,ENST00000376143.5
Clinvar,chr13,101753238,A,G,ENST00000376143.5
Clinvar,chr14,23244747,A,C,ENST00000430154.7
Clinvar,chr14,23895027,C,A,
Clinvar,chr14,74975430,C,T,
Clinvar,chr14,100808907,T,C,
Clinvar,chr15,26825603,T,A,ENST00000311550.10
Clinvar,chr15,43503730,C,A,ENST00000382044.9
Clinvar,chr15,68506725,A,G,
Clinvar,chr16,16244629,G,T,ENST00000399336.9
Clinvar,chr16,30100529,C,T,
Clinvar,chr16,57938777,T,C,ENST00000251102.13
Clinvar,chr16,66575854,G,C,ENST00000379500.7
Clinvar,chr16,88878063,C,G,ENST00000268679.9
Clinvar,chr16,88898507,C,A,ENST00000268679.9
Clinvar,chr16,89341364,T,C,ENST00000301030.10
Clinvar,chr16,89715903,G,A,ENST00000389386.8
Clinvar,chr16,89813297,C,G,ENST00000389301.8
Clinvar,chr16,89813298,T,C,ENST00000389301.8
Clinvar,chr17,6330004,A,G,
Clinvar,chr17,7980060,A,G,
Clinvar,chr17,42330737,A,G,ENST00000264657.10
Clinvar,chr17,48266156,C,T,ENST00000336915.11
Clinvar,chr17,48267092,C,A,ENST00000336915.11
Clinvar,chr17,48267273,C,G,ENST00000336915.11
Clinvar,chr17,48269889,C,T,ENST00000336915.11
Clinvar,chr17,48271544,C,T,ENST00000336915.11
Clinvar,chr17,48272461,C,T,ENST00000336915.11
Clinvar,chr17,56700371,C,A,
Clinvar,chr17,74475090,A,G,ENST00000360141.8
Clinvar,chr17,76496541,C,T,ENST00000675367.1
Clinvar,chr18,21116838,C,A,
Clinvar,chr18,59813256,A,G,
Clinvar,chr19,15303328,C,A,ENST00000679869.1
Clinvar,chr19,30199330,C,G,
Clinvar,chr19,33954966,C,T,
Clinvar,chr19,40762959,C,T,ENST00000243563.8
Clinvar,chr19,42474692,G,A,
Clinvar,chr20,3210904,G,A,ENST00000380113.8
Clinvar,chr20,57605482,T,C,ENST00000371173.8
Clinvar,chr20,62039889,T,A,ENST00000252996.9
Clinvar,chr20,62073882,C,A,
Clinvar,chr20,62073882,C,G,
Clinvar,chr20,62073883,T,C,
Clinvar,chr20,62073884,C,G,
Clinvar,chr22,19165552,C,A,
Clinvar,chr22,22123608,G,C,
Clinvar,chr22,24109778,C,A,ENST00000263119.10
Clinvar,chr22,50964570,C,T,
Clinvar,chr22,50964903,C,A,
Clinvar,chr22,50964903,C,G,
Clinvar,chr22,50964903,C,T,
Clinvar,chr22,51065479,C,T,
Clinvar,chrX,18662743,C,T,ENST00000379984.4
Clinvar,chrX,49109661,A,G,
Clinvar,chrX,53265677,G,C,ENST00000642864.1
Clinvar,chrX,70330145,A,C,ENST00000374403.4
Clinvar,chrX,70330145,A,G,ENST00000374403.4
Clinvar,chrX,100655745,C,T,ENST00000373004.5
Clinvar,chrX,129273844,C,T,
Clinvar,chrX,153296899,G,A,
Clinvar,chrX,154182316,A,G,
Clinvar,chr1,6171943,T,C,ENST00000262450.8
Clinvar,chr1,11860379,T,C,
Clinvar,chr1,11861456,C,A,
Clinvar,chr1,17355229,T,A,ENST00000375448.4
Clinvar,chr1,94461750,A,T,ENST00000370214.9
Clinvar,chr1,94487505,T,C,ENST00000370214.9
Clinvar,chr1,94502343,A,G,ENST00000370214.9
Clinvar,chr1,94520869,G,C,
Clinvar,chr1,103405989,C,G,
Clinvar,chr1,179530496,C,T,ENST00000367618.8
Clinvar,chr1,216405478,C,A,ENST00000307340.8
Clinvar,chr1,216592020,A,G,ENST00000408911.8
Clinvar,chr1,229568627,C,A,
Clinvar,chr2,25467207,C,G,ENST00000406818.8
Clinvar,chr2,39241987,T,C,
Clinvar,chr2,49196020,T,A,
Clinvar,chr2,166870406,A,G,
Clinvar,chr2,197171956,A,G,ENST00000282272.15
Clinvar,chr2,198266611,C,T,ENST00000428675.6
Clinvar,chr2,212537981,C,T,ENST00000342788.9
Clinvar,chr2,227968767,C,T,
Clinvar,chr2,227974001,C,A,
Clinvar,chr2,227979411,C,T,
Clinvar,chr2,227985864,C,T,ENST00000392056.8
Clinvar,chr2,241722526,C,G,ENST00000313552.11
Clinvar,chr3,38601919,C,A,ENST00000413689.6
Clinvar,chr3,48604623,C,T,ENST00000203407.6
Clinvar,chr3,48619791,C,T,
Clinvar,chr3,71037227,A,G,ENST00000649528.3
Clinvar,chr3,81586244,T,C,ENST00000429644.7
Clinvar,chr3,128200744,G,C,ENST00000254730.11
Clinvar,chr3,136059446,G,A,ENST00000264977.8
Clinvar,chr3,145797042,C,A,
Clinvar,chr3,176756222,G,A,
Clinvar,chr3,186257385,A,T,ENST00000265022.8
Clinvar,chr4,85623658,C,A,ENST00000395184.6
Clinvar,chr4,106359193,T,A,ENST00000638719.4
Clinvar,chr4,122774241,C,T,
Clinvar,chr4,128863311,T,C,ENST00000226319.11
Clinvar,chr5,13789023,C,A,ENST00000265104.5
Clinvar,chr5,127674753,T,A,
Clinvar,chr5,149627376,C,T,ENST00000333677.7
Clinvar,chr6,33133760,C,A,
Clinvar,chr6,42672349,A,T,ENST00000372901.2
Clinvar,chr6,49409683,A,G,
Clinvar,chr6,51613463,C,G,
Clinvar,chr6,88239366,G,A,
Clinvar,chr6,165829767,A,C,ENST00000539869.4
Clinvar,chr7,44187430,T,C,ENST00000403799.8
Clinvar,chr7,140453193,T,C,ENST00000255977.7
Clinvar,chr7,140454033,A,C,ENST00000255977.7
Clinvar,chr8,72211468,C,T,
Clinvar,chr8,90971082,C,T,ENST00000517562.3
Clinvar,chr11,32410725,C,T,ENST00000452863.10
Clinvar,chr11,66466255,A,C,ENST00000310999.11
Clinvar,chr12,6077331,G,A,ENST00000261405.10
Clinvar,chr12,48238786,G,A,
Clinvar,chr12,48370349,C,T,
Clinvar,chr12,48370350,C,T,
Clinvar,chr12,48377221,C,T,
Clinvar,chr12,48379369,C,A,
Clinvar,chr12,48380670,C,A,
Clinvar,chr12,53072539,A,C,ENST00000301463.9
Clinvar,chr12,103234293,C,A,
Clinvar,chr12,103271326,G,A,ENST00000548883.6
Clinvar,chr13,110815908,C,T,
Clinvar,chr14,21871822,C,A,
Clinvar,chr14,23900206,G,C,
Clinvar,chr14,23900206,G,T,
Clinvar,chr14,23900208,T,C,
Clinvar,chr14,23901713,T,C,
Clinvar,chr14,30102151,C,T,ENST00000331968.11
Clinvar,chr14,92477416,C,A,ENST00000532405.6
Clinvar,chr15,26806321,T,A,ENST00000311550.10
Clinvar,chr15,48725185,T,C,ENST00000380950.7
Clinvar,chr15,48773977,T,A,ENST00000380950.7
Clinvar,chr15,48787455,T,G,ENST00000380950.7
Clinvar,chr15,48800901,T,A,ENST00000380950.7
Clinvar,chr15,72647965,T,C,
Clinvar,chr16,1496718,C,A,ENST00000262319.11
Clinvar,chr16,2169184,T,C,ENST00000326181.11
Clinvar,chr16,3788671,C,G,ENST00000262367.10
Clinvar,chr16,3788673,C,A,ENST00000262367.10
Clinvar,chr16,16281067,G,A,ENST00000399336.9
Clinvar,chr16,28854468,T,C,ENST00000684370.1
Clinvar,chr16,56536719,A,C,ENST00000245157.11
Clinvar,chr16,70515768,C,G,ENST00000323786.10
Clinvar,chr16,88794069,T,C,
Clinvar,chr16,88904171,T,A,ENST00000268679.9
Clinvar,chr16,88904171,T,G,ENST00000268679.9
Clinvar,chr16,88909237,T,A,ENST00000268679.9
Clinvar,chr17,39766801,T,A,ENST00000346872.8
Clinvar,chr17,42328956,C,A,ENST00000264657.10
Clinvar,chr17,48267469,C,T,ENST00000336915.11
Clinvar,chr17,48271987,C,T,ENST00000336915.11
Clinvar,chr17,48272460,C,G,ENST00000336915.11
Clinvar,chr17,48272838,C,T,ENST00000336915.11
Clinvar,chr17,48273336,C,T,ENST00000336915.11
Clinvar,chr17,48274031,C,G,ENST00000336915.11
Clinvar,chr17,48275145,C,A,ENST00000336915.11
Clinvar,chr17,62474105,C,G,ENST00000346027.10
Clinvar,chr18,46889603,C,T,ENST00000585916.6
Clinvar,chr19,18896955,C,T,
Clinvar,chr19,18899323,A,G,
Clinvar,chr19,36321858,C,A,
Clinvar,chr19,36336440,A,C,ENST00000270001.12
Clinvar,chr19,42473732,C,G,
Clinvar,chr20,43255238,C,A,
Clinvar,chr20,62071059,G,C,
Clinvar,chr20,62071060,A,T,
Clinvar,chr20,62076187,T,C,
Clinvar,chr21,38302732,A,T,ENST00000398938.7
Clinvar,chr22,31354678,G,A,
Clinvar,chrX,25025555,A,T,
Clinvar,chrX,41598707,T,C,ENST00000378163.7
Clinvar,chrX,53231155,C,A,ENST00000642864.1
Clinvar,chrX,53265676,C,T,ENST00000642864.1
Clinvar,chrX,53561658,C,G,ENST00000262854.11
Clinvar,chrX,53658565,G,A,ENST00000262854.11
Clinvar,chrX,54476733,T,C,ENST00000375135.4
Clinvar,chrX,100653933,G,A,ENST00000373004.5
Clinvar,chrX,100655743,A,C,ENST00000373004.5
Clinvar,chrX,129270704,C,G,
Clinvar,chrX,129272675,A,G,
Application dataset1,chr3,87322646,A,T,
Application dataset1,chr3,87322646,A,G,
Application dataset1,chr3,87322646,A,C,
Application dataset1,chr3,87322645,G,C,
Application dataset1,chr3,87322498,T,G,
Application dataset1,chr3,87322498,T,C,
Application dataset1,chr3,87322498,T,A,
Application dataset1,chr3,87322497,C,T,
Application dataset1,chr3,87322497,C,G,
Application dataset1,chr3,87322497,C,A,
Application dataset2,chr2,179498051,G,C,ENST00000410066.7
Application dataset2,chr2,179500029,G,A,ENST00000410066.7
Application dataset2,chr2,179504514,T,C,ENST00000410066.7
Application dataset2,chr2,179648512,C,T,ENST00000410066.7
Application dataset2,chr2,179570084,C,A,ENST00000410066.7
Application dataset2,chr2,179566255,C,G,ENST00000410066.7
Application dataset2,chr2,179462635,C,A,ENST00000410066.7
Application dataset2,chr2,179485442,C,T,ENST00000410066.7
Application dataset2,chr2,179411327,C,T,
Application dataset2,chr2,179634406,G,A,ENST00000410066.7
Application dataset2,chr2,179449800,C,T,ENST00000410066.7
Application dataset2,chr2,179393256,G,A,
Application dataset3,chr1,12422904,C,T,ENST00000620676.6
Application dataset3,chr9,34658680,G,A,ENST00000441545.7
Application dataset3,chr17,19251097,C,T,ENST00000314728.10
Application dataset3,chr9,130438221,G,C,
Application dataset3,chr8,15508323,G,A,ENST00000503731.6
Application dataset3,chrX,147009911,G,A,
Application dataset3,chr16,3789725,C,A,ENST00000262367.10
Application dataset3,chr2,228118354,G,A,ENST00000392056.8
