variant,annotation,annotation_no_SR,Chr,Pos,Ref,Alt,Class
chr1_16069334_G_C,synonymous,synonymous,1,16069334,G,C,0
chr1_16069337_C_T,synonymous,synonymous,1,16069337,C,T,0
chr1_16069346_T_C,synonymous,synonymous,1,16069346,T,C,0
chr1_16069388_C_T,synonymous,synonymous,1,16069388,C,T,0
chr1_16069397_T_C,synonymous,synonymous,1,16069397,T,C,0
chr1_24666165_C_T,synonymous,synonymous,1,24666165,C,T,1
chr1_24666180_C_T,synonymous,synonymous,1,24666180,C,T,1
chr1_24666192_C_T,synonymous,synonymous,1,24666192,C,T,1
chr1_24666195_T_C,synonymous,synonymous,1,24666195,T,C,0
chr1_24666234_C_T,synonymous,synonymous,1,24666234,C,T,0
chr1_28138509_G_A,synonymous,synonymous,1,28138509,G,A,0
chr1_28138542_C_T,synonymous,synonymous,1,28138542,C,T,1
chr1_28138545_T_C,synonymous,synonymous,1,28138545,T,C,1
chr1_55307322_C_A,synonymous,synonymous,1,55307322,C,A,1
chr1_70883627_C_T,synonymous,synonymous,1,70883627,C,T,1
chr1_70883666_T_C,synonymous,synonymous,1,70883666,T,C,0
chr1_70883670_T_C,synonymous,synonymous,1,70883670,T,C,1
chr1_70883708_G_A,synonymous,synonymous,1,70883708,G,A,0
chr1_91731579_T_G,synonymous,synonymous,1,91731579,T,G,1
chr1_91731585_T_C,synonymous,synonymous,1,91731585,T,C,0
chr1_91731590_T_G,synonymous,synonymous,1,91731590,T,G,1
chr1_114161181_G_A,synonymous,synonymous,1,114161181,G,A,1
chr1_114161214_G_A,synonymous,synonymous,1,114161214,G,A,1
chr1_115456640_T_C,synonymous,synonymous,1,115456640,T,C,0
chr1_115456658_C_G,synonymous,synonymous,1,115456658,C,G,1
chr1_115456661_A_G,synonymous,synonymous,1,115456661,A,G,1
chr1_119584904_G_T,synonymous,synonymous,1,119584904,G,T,0
chr1_119584919_T_C,synonymous,synonymous,1,119584919,T,C,0
chr1_119584933_G_A,synonymous,synonymous,1,119584933,G,A,0
chr1_119584937_C_T,synonymous,synonymous,1,119584937,C,T,1
chr1_119584940_C_T,synonymous,synonymous,1,119584940,C,T,0
chr1_119584949_G_A,synonymous,synonymous,1,119584949,G,A,0
chr1_155173035_C_T,synonymous,synonymous,1,155173035,C,T,0
chr1_155173074_G_C,synonymous,synonymous,1,155173074,G,C,1
chr1_155173080_C_T,synonymous,synonymous,1,155173080,C,T,0
chr1_161643270_G_C,synonymous,synonymous,1,161643270,G,C,1
chr1_161643276_G_A,synonymous,synonymous,1,161643276,G,A,1
chr1_161643288_C_A,synonymous,synonymous,1,161643288,C,A,0
chr1_161643294_T_G,synonymous,synonymous,1,161643294,T,G,1
chr1_161643309_C_T,synonymous,synonymous,1,161643309,C,T,0
chr1_162487905_T_C,synonymous,synonymous,1,162487905,T,C,0
chr1_162487947_A_C,synonymous,synonymous,1,162487947,A,C,0
chr1_162487965_T_C,synonymous,synonymous,1,162487965,T,C,0
chr1_230910333_G_A,synonymous,synonymous,1,230910333,G,A,0
chr1_230910339_G_A,synonymous,synonymous,1,230910339,G,A,0
chr1_230910351_C_T,synonymous,synonymous,1,230910351,C,T,0
chr1_230910372_A_G,synonymous,synonymous,1,230910372,A,G,0
chr10_33134196_T_C,synonymous,synonymous,10,33134196,T,C,1
chr10_33134241_A_G,synonymous,synonymous,10,33134241,A,G,1
chr10_33134250_C_T,synonymous,synonymous,10,33134250,C,T,0
chr10_46246997_A_G,synonymous,synonymous,10,46246997,A,G,1
chr10_70145827_G_A,synonymous,synonymous,10,70145827,G,A,1
chr10_70145837_T_G,synonymous,synonymous,10,70145837,T,G,1
chr10_70145849_T_G,synonymous,synonymous,10,70145849,T,G,1
chr10_70145882_G_A,synonymous,synonymous,10,70145882,G,A,0
chr10_114724329_C_T,synonymous,synonymous,10,114724329,C,T,1
chr10_114724347_T_C,synonymous,synonymous,10,114724347,T,C,0
chr10_114724350_G_A,synonymous,synonymous,10,114724350,G,A,0
chr10_114724377_A_C,synonymous,synonymous,10,114724377,A,C,0
chr11_32414288_G_A,synonymous,synonymous,11,32414288,G,A,1
chr11_32414297_C_T,synonymous,synonymous,11,32414297,C,T,0
chr11_65387823_C_T,synonymous,synonymous,11,65387823,C,T,1
chr11_65387836_C_T,synonymous,synonymous,11,65387836,C,T,1
chr11_65387853_C_T,synonymous,synonymous,11,65387853,C,T,1
chr11_65387859_C_T,synonymous,synonymous,11,65387859,C,T,0
chr11_65387865_A_G,synonymous,synonymous,11,65387865,A,G,1
chr11_65387874_A_G,synonymous,synonymous,11,65387874,A,G,1
chr11_65387877_G_A,synonymous,synonymous,11,65387877,G,A,0
chr11_72611335_G_A,synonymous,synonymous,11,72611335,G,A,1
chr11_72611356_T_C,synonymous,synonymous,11,72611356,T,C,0
chr11_72611362_G_A,synonymous,synonymous,11,72611362,G,A,0
chr11_85623707_T_C,synonymous,synonymous,11,85623707,T,C,0
chr11_85623722_T_C,synonymous,synonymous,11,85623722,T,C,1
chr11_85623725_T_C,synonymous,synonymous,11,85623725,T,C,0
chr11_85623737_G_C,synonymous,synonymous,11,85623737,G,C,0
chr11_85623738_C_T,synonymous,synonymous,11,85623738,C,T,1
chr12_56566742_C_A,synonymous,synonymous,12,56566742,C,A,1
chr12_56566756_G_A,synonymous,synonymous,12,56566756,G,A,0
chr12_56566772_G_T,synonymous,synonymous,12,56566772,G,T,1
chr12_56566778_T_G,synonymous,synonymous,12,56566778,T,G,0
chr12_56566780_G_T,synonymous,synonymous,12,56566780,G,T,1
chr12_56566781_C_A,synonymous,synonymous,12,56566781,C,A,1
chr12_64017852_T_C,synonymous,synonymous,12,64017852,T,C,1
chr12_64017855_A_G,synonymous,synonymous,12,64017855,A,G,1
chr12_64017858_G_A,synonymous,synonymous,12,64017858,G,A,1
chr12_96063858_T_C,synonymous,synonymous,12,96063858,T,C,1
chr12_96063888_A_G,synonymous,synonymous,12,96063888,A,G,1
chr12_96063903_T_C,synonymous,synonymous,12,96063903,T,C,1
chr12_96063915_G_A,synonymous,synonymous,12,96063915,G,A,1
chr12_109697895_G_A,synonymous,synonymous,12,109697895,G,A,1
chr14_92477336_T_C,synonymous,synonymous,14,92477336,T,C,1
chr14_92477372_G_A,synonymous,synonymous,14,92477372,G,A,1
chr14_92477405_A_G,synonymous,synonymous,14,92477405,A,G,0
chr15_43704891_G_A,synonymous,synonymous,15,43704891,G,A,1
chr15_43704943_T_C,synonymous,synonymous,15,43704943,T,C,1
chr15_49925800_G_A,synonymous,synonymous,15,49925800,G,A,1
chr15_66735656_A_C,synonymous,synonymous,15,66735656,A,C,0
chr15_66735671_A_G,synonymous,synonymous,15,66735671,A,G,1
chr16_160549_G_A,synonymous,synonymous,16,160549,G,A,0
chr16_160561_C_T,synonymous,synonymous,16,160561,C,T,1
chr16_160567_C_T,synonymous,synonymous,16,160567,C,T,0
chr16_160573_G_A,synonymous,synonymous,16,160573,G,A,0
chr16_1515313_G_A,synonymous,synonymous,16,1515313,G,A,1
chr16_1515325_C_T,synonymous,synonymous,16,1515325,C,T,0
chr16_31122642_A_G,synonymous,synonymous,16,31122642,A,G,1
chr16_31122678_C_T,synonymous,synonymous,16,31122678,C,T,1
chr16_31122681_C_T,synonymous,synonymous,16,31122681,C,T,1
chr16_31122687_C_T,synonymous,synonymous,16,31122687,C,T,1
chr16_67690720_G_A,synonymous,synonymous,16,67690720,G,A,0
chr16_89291135_C_T,synonymous,synonymous,16,89291135,C,T,0
chr16_89291203_T_G,synonymous,synonymous,16,89291203,T,G,0
chr17_7949997_G_A,synonymous,synonymous,17,7949997,G,A,0
chr17_7950006_A_G,synonymous,synonymous,17,7950006,A,G,0
chr17_7950012_C_T,synonymous,synonymous,17,7950012,C,T,0
chr17_7950036_G_C,synonymous,synonymous,17,7950036,G,C,0
chr17_7950054_A_C,synonymous,synonymous,17,7950054,A,C,0
chr17_18159876_C_T,synonymous,synonymous,17,18159876,C,T,0
chr17_18159891_G_A,synonymous,synonymous,17,18159891,G,A,0
chr17_18159906_G_A,synonymous,synonymous,17,18159906,G,A,0
chr17_19449780_C_T,synonymous,synonymous,17,19449780,C,T,0
chr17_47795392_T_C,synonymous,synonymous,17,47795392,T,C,0
chr17_48541194_T_C,synonymous,synonymous,17,48541194,T,C,0
chr17_48541203_C_A,synonymous,synonymous,17,48541203,C,A,1
chr17_48541206_G_A,synonymous,synonymous,17,48541206,G,A,0
chr17_48541212_C_T,synonymous,synonymous,17,48541212,C,T,0
chr17_48541221_T_A,synonymous,synonymous,17,48541221,T,A,0
chr17_48541257_G_A,synonymous,synonymous,17,48541257,G,A,0
chr18_23615838_G_A,synonymous,synonymous,18,23615838,G,A,0
chr18_23615859_C_T,synonymous,synonymous,18,23615859,C,T,1
chr18_23615874_G_A,synonymous,synonymous,18,23615874,G,A,0
chr18_45396878_T_C,synonymous,synonymous,18,45396878,T,C,1
chr18_66367647_T_C,synonymous,synonymous,18,66367647,T,C,0
chr18_66367686_T_C,synonymous,synonymous,18,66367686,T,C,0
chr19_6822477_C_A,synonymous,synonymous,19,6822477,C,A,0
chr19_6822495_G_A,synonymous,synonymous,19,6822495,G,A,1
chr19_6822501_T_C,synonymous,synonymous,19,6822501,T,C,0
chr19_6822510_G_A,synonymous,synonymous,19,6822510,G,A,1
chr19_19746487_A_G,synonymous,synonymous,19,19746487,A,G,0
chr19_19746499_C_T,synonymous,synonymous,19,19746499,C,T,0
chr19_33512498_G_A,synonymous,synonymous,19,33512498,G,A,0
chr19_33512501_G_A,synonymous,synonymous,19,33512501,G,A,0
chr19_33512507_C_T,synonymous,synonymous,19,33512507,C,T,1
chr19_33512531_C_G,synonymous,synonymous,19,33512531,C,G,0
chr19_33512537_A_G,synonymous,synonymous,19,33512537,A,G,0
chr19_33512540_C_T,synonymous,synonymous,19,33512540,C,T,0
chr19_33512549_C_T,synonymous,synonymous,19,33512549,C,T,0
chr19_37961220_T_C,synonymous,synonymous,19,37961220,T,C,0
chr19_37961223_T_G,synonymous,synonymous,19,37961223,T,G,0
chr19_37961265_T_G,synonymous,synonymous,19,37961265,T,G,0
chr19_49463540_T_C,synonymous,synonymous,19,49463540,T,C,1
chr19_56200668_G_A,synonymous,synonymous,19,56200668,G,A,0
chr19_56200674_C_T,synonymous,synonymous,19,56200674,C,T,0
chr19_56200680_C_T,synonymous,synonymous,19,56200680,C,T,0
chr19_56200686_C_T,synonymous,synonymous,19,56200686,C,T,0
chr2_24240167_G_C,synonymous,synonymous,2,24240167,G,C,0
chr2_24240170_C_T,synonymous,synonymous,2,24240170,C,T,0
chr2_24240173_C_T,synonymous,synonymous,2,24240173,C,T,0
chr2_24240194_G_A,synonymous,synonymous,2,24240194,G,A,0
chr2_24240206_A_G,synonymous,synonymous,2,24240206,A,G,0
chr2_24240209_G_A,synonymous,synonymous,2,24240209,G,A,0
chr2_24240221_G_A,synonymous,synonymous,2,24240221,G,A,0
chr2_24240227_C_T,synonymous,synonymous,2,24240227,C,T,0
chr2_48722835_G_T,synonymous,synonymous,2,48722835,G,T,0
chr2_48722898_C_G,synonymous,synonymous,2,48722898,C,G,1
chr2_61147528_G_A,synonymous,synonymous,2,61147528,G,A,0
chr2_61147567_A_G,synonymous,synonymous,2,61147567,A,G,0
chr2_61147570_A_G,synonymous,synonymous,2,61147570,A,G,0
chr2_61147585_C_T,synonymous,synonymous,2,61147585,C,T,0
chr2_61147597_A_G,synonymous,synonymous,2,61147597,A,G,0
chr2_61147606_G_A,synonymous,synonymous,2,61147606,G,A,1
chr2_98795774_C_T,synonymous,synonymous,2,98795774,C,T,1
chr2_171358305_A_G,synonymous,synonymous,2,171358305,A,G,1
chr2_171358329_G_A,synonymous,synonymous,2,171358329,G,A,1
chr2_171358341_C_T,synonymous,synonymous,2,171358341,C,T,1
chr2_190617390_G_A,synonymous,synonymous,2,190617390,G,A,0
chr2_190617447_A_G,synonymous,synonymous,2,190617447,A,G,1
chr2_191862958_A_G,synonymous,synonymous,2,191862958,A,G,0
chr2_191862985_C_T,synonymous,synonymous,2,191862985,C,T,1
chr2_191862997_T_C,synonymous,synonymous,2,191862997,T,C,0
chr2_236923487_C_T,synonymous,synonymous,2,236923487,C,T,0
chr20_35860710_C_T,synonymous,synonymous,20,35860710,C,T,0
chr20_35860728_C_A,synonymous,synonymous,20,35860728,C,A,1
chr20_35860731_C_T,synonymous,synonymous,20,35860731,C,T,0
chr20_35860734_C_T,synonymous,synonymous,20,35860734,C,T,0
chr20_35860755_T_G,synonymous,synonymous,20,35860755,T,G,0
chr20_35860764_C_A,synonymous,synonymous,20,35860764,C,A,0
chr20_35860767_C_G,synonymous,synonymous,20,35860767,C,G,0
chr20_35860770_G_A,synonymous,synonymous,20,35860770,G,A,0
chr20_35860773_G_A,synonymous,synonymous,20,35860773,G,A,0
chr20_35860780_C_T,synonymous,synonymous,20,35860780,C,T,0
chr20_35860782_G_A,synonymous,synonymous,20,35860782,G,A,0
chr20_35860788_C_T,synonymous,synonymous,20,35860788,C,T,0
chr21_15538699_A_G,synonymous,synonymous,21,15538699,A,G,1
chr21_15538753_G_A,synonymous,synonymous,21,15538753,G,A,0
chr21_15538756_C_T,synonymous,synonymous,21,15538756,C,T,0
chr21_15538759_T_C,synonymous,synonymous,21,15538759,T,C,0
chr22_17990850_A_G,synonymous,synonymous,22,17990850,A,G,0
chr22_17990853_T_A,synonymous,synonymous,22,17990853,T,A,0
chr22_17990865_A_G,synonymous,synonymous,22,17990865,A,G,1
chr22_17990871_A_T,synonymous,synonymous,22,17990871,A,T,0
chr22_17990875_T_C,synonymous,synonymous,22,17990875,T,C,0
chr22_17990883_T_C,synonymous,synonymous,22,17990883,T,C,0
chr22_17990886_G_A,synonymous,synonymous,22,17990886,G,A,0
chr22_17990904_G_C,synonymous,synonymous,22,17990904,G,C,0
chr22_17990916_C_T,synonymous,synonymous,22,17990916,C,T,0
chr22_30384486_A_T,synonymous,synonymous,22,30384486,A,T,0
chr22_30384501_C_T,synonymous,synonymous,22,30384501,C,T,0
chr22_44592232_C_T,synonymous,synonymous,22,44592232,C,T,1
chr22_44592259_C_T,synonymous,synonymous,22,44592259,C,T,1
chr22_44592274_T_G,synonymous,synonymous,22,44592274,T,G,0
chr3_9729516_C_T,synonymous,synonymous,3,9729516,C,T,1
chr3_9729540_T_C,synonymous,synonymous,3,9729540,T,C,1
chr3_9729546_C_T,synonymous,synonymous,3,9729546,C,T,1
chr3_9729564_G_A,synonymous,synonymous,3,9729564,G,A,0
chr3_9729570_C_G,synonymous,synonymous,3,9729570,C,G,0
chr3_10132000_T_C,synonymous,synonymous,3,10132000,T,C,1
chr3_10132003_G_A,synonymous,synonymous,3,10132003,G,A,1
chr3_10132027_G_A,synonymous,synonymous,3,10132027,G,A,1
chr3_10132063_G_T,synonymous,synonymous,3,10132063,G,T,1
chr3_38134337_C_T,synonymous,synonymous,3,38134337,C,T,0
chr3_38134358_G_A,synonymous,synonymous,3,38134358,G,A,0
chr3_50212555_G_A,synonymous,synonymous,3,50212555,G,A,1
chr3_50212567_C_T,synonymous,synonymous,3,50212567,C,T,1
chr3_50212582_G_T,synonymous,synonymous,3,50212582,G,T,1
chr3_50212594_C_T,synonymous,synonymous,3,50212594,C,T,1
chr3_50212600_G_T,synonymous,synonymous,3,50212600,G,T,1
chr3_52019873_T_C,synonymous,synonymous,3,52019873,T,C,0
chr3_52019882_C_T,synonymous,synonymous,3,52019882,C,T,0
chr3_52019885_C_T,synonymous,synonymous,3,52019885,C,T,0
chr3_52019930_G_A,synonymous,synonymous,3,52019930,G,A,0
chr3_112326033_G_A,synonymous,synonymous,3,112326033,G,A,0
chr3_112326045_C_A,synonymous,synonymous,3,112326045,C,A,0
chr3_112326074_A_G,synonymous,synonymous,3,112326074,A,G,0
chr3_112326084_A_G,synonymous,synonymous,3,112326084,A,G,0
chr3_121001159_G_A,synonymous,synonymous,3,121001159,G,A,1
chr3_121001165_G_A,synonymous,synonymous,3,121001165,G,A,1
chr3_121001174_T_C,synonymous,synonymous,3,121001174,T,C,1
chr3_170857282_G_A,synonymous,synonymous,3,170857282,G,A,1
chr3_170857325_T_C,synonymous,synonymous,3,170857325,T,C,1
chr3_197417955_C_T,synonymous,synonymous,3,197417955,C,T,1
chr3_197417973_C_T,synonymous,synonymous,3,197417973,C,T,0
chr3_197418012_G_A,synonymous,synonymous,3,197418012,G,A,1
chr4_17964617_A_G,synonymous,synonymous,4,17964617,A,G,1
chr4_17964629_T_C,synonymous,synonymous,4,17964629,T,C,1
chr4_17964659_T_C,synonymous,synonymous,4,17964659,T,C,0
chr4_78871010_T_C,synonymous,synonymous,4,78871010,T,C,0
chr4_78871022_G_A,synonymous,synonymous,4,78871022,G,A,0
chr4_170429941_C_T,synonymous,synonymous,4,170429941,C,T,1
chr4_170429944_C_T,synonymous,synonymous,4,170429944,C,T,1
chr4_170429947_T_G,synonymous,synonymous,4,170429947,T,G,1
chr4_170429980_A_G,synonymous,synonymous,4,170429980,A,G,1
chr5_220406_A_C,synonymous,synonymous,5,220406,A,C,0
chr5_220417_A_G,synonymous,synonymous,5,220417,A,G,0
chr6_18244745_T_C,synonymous,synonymous,6,18244745,T,C,1
chr6_32180610_G_A,synonymous,synonymous,6,32180610,G,A,0
chr6_32180616_G_A,synonymous,synonymous,6,32180616,G,A,1
chr6_44136716_A_G,synonymous,synonymous,6,44136716,A,G,1
chr6_44136743_C_T,synonymous,synonymous,6,44136743,C,T,1
chr6_44136758_C_A,synonymous,synonymous,6,44136758,C,A,1
chr6_64289219_A_G,synonymous,synonymous,6,64289219,A,G,0
chr6_89511307_A_G,synonymous,synonymous,6,89511307,A,G,0
chr6_142704919_T_A,synonymous,synonymous,6,142704919,T,A,1
chr6_142704922_A_C,synonymous,synonymous,6,142704922,A,C,1
chr6_142704937_C_T,synonymous,synonymous,6,142704937,C,T,1
chr6_142704964_C_T,synonymous,synonymous,6,142704964,C,T,1
chr7_5972435_G_A,synonymous,synonymous,7,5972435,G,A,1
chr8_69442840_G_A,synonymous,synonymous,8,69442840,G,A,1
chr9_735756_G_A,synonymous,synonymous,9,735756,G,A,1
chr9_4604186_A_G,synonymous,synonymous,9,4604186,A,G,1
chr9_4604189_T_C,synonymous,synonymous,9,4604189,T,C,0
chr9_4604204_T_C,synonymous,synonymous,9,4604204,T,C,0
chr9_4604218_G_A,synonymous,synonymous,9,4604218,G,A,0
chr9_4604222_G_A,synonymous,synonymous,9,4604222,G,A,0
chr9_4604243_A_G,synonymous,synonymous,9,4604243,A,G,1
chr9_134369804_T_C,synonymous,synonymous,9,134369804,T,C,0
chr9_134369858_A_C,synonymous,synonymous,9,134369858,A,C,0
chr9_136273904_C_T,synonymous,synonymous,9,136273904,C,T,0
chr9_136273916_A_G,synonymous,synonymous,9,136273916,A,G,0
chr9_139749221_C_T,synonymous,synonymous,9,139749221,C,T,1
chr9_139749222_C_T,synonymous,synonymous,9,139749222,C,T,1
chr9_139749236_C_T,synonymous,synonymous,9,139749236,C,T,0
chr9_139749269_C_T,synonymous,synonymous,9,139749269,C,T,1
chr9_139749275_C_T,synonymous,synonymous,9,139749275,C,T,0
chr9_139749284_A_C,synonymous,synonymous,9,139749284,A,C,0
chr9_139749290_C_T,synonymous,synonymous,9,139749290,C,T,0
chrX_44910959_A_G,synonymous,synonymous,X,44910959,A,G,0
chrX_44910962_T_C,synonymous,synonymous,X,44910962,T,C,1
chrX_44910995_G_A,synonymous,synonymous,X,44910995,G,A,0
chrX_44911001_A_G,synonymous,synonymous,X,44911001,A,G,0
chrX_44911022_A_G,synonymous,synonymous,X,44911022,A,G,0
chrX_49111896_T_C,synonymous,synonymous,X,49111896,T,C,0
chrX_49111899_A_T,synonymous,synonymous,X,49111899,A,T,1
chrX_49111932_G_A,synonymous,synonymous,X,49111932,G,A,1
chrX_107413203_C_T,synonymous,synonymous,X,107413203,C,T,0
