Chr,Pos,Ref,Alt,Dataset,is_exist
15,41029877,A,T,MFASS,0
17,26912400,C,T,MFASS,0
17,3486635,T,C,MFASS,0
17,3486653,T,A,MFASS,0
22,23488857,C,T,MFASS,0
22,38894090,G,A,MFASS,0
14,64908108,G,T,MFASS,0
14,64908126,G,C,MFASS,0
16,4849723,C,T,MFASS,0
16,16286738,C,T,MFASS,0
19,8321519,G,A,MFASS,0
X,69507979,G,A,MFASS,0
16,47621587,G,A,MFASS,0
16,47621611,C,T,MFASS,0
15,79220112,G,A,MFASS,0
11,34163352,C,T,MFASS,0
12,6748183,G,A,MFASS,0
7,123514832,C,T,MFASS,0
9,117170248,G,A,MFASS,0
12,120616697,G,A,MFASS,0
3,50356387,C,T,MFASS,0
3,50356453,G,A,MFASS,0
2,211527921,G,A,MFASS,0
1,115138477,G,A,MFASS,0
9,115961153,T,A,MFASS,0
9,115961162,C,T,MFASS,0
8,27394372,G,A,MFASS,0
5,35025904,C,T,MFASS,0
7,2418344,G,A,MFASS,0
20,47868064,C,T,MFASS,0
19,6684786,C,T,MFASS,0
14,56134003,A,G,MFASS,0
9,95784671,G,T,MFASS,0
14,65245962,A,G,MFASS,0
17,1399670,G,A,MFASS,0
15,31340092,C,T,MFASS,0
12,21679873,C,T,MFASS,0
12,58090138,C,T,MFASS,0
7,45103564,T,C,MFASS,0
15,72550420,C,T,MFASS,0
10,116197618,G,A,MFASS,0
10,71683572,C,T,MFASS,0
10,71683587,C,T,MFASS,0
10,71689828,A,G,MFASS,0
10,71689831,C,T,MFASS,0
3,133327738,A,C,MFASS,0
12,7355285,C,T,MFASS,0
14,92958575,C,G,MFASS,0
16,57153562,G,A,MFASS,0
16,84476154,C,T,MFASS,0
16,84476175,C,T,MFASS,0
16,84476205,G,A,MFASS,0
1,230923348,G,A,MFASS,0
10,79743702,T,C,MFASS,0
10,79743732,G,A,MFASS,0
10,79743756,A,T,MFASS,0
10,79743765,G,A,MFASS,0
10,103869369,G,T,MFASS,0
20,30507720,C,T,MFASS,0
10,61955999,G,A,MFASS,0
18,43579417,C,T,MFASS,0
18,43579438,C,A,MFASS,0
12,48525125,A,G,MFASS,0
8,97258088,C,T,MFASS,0
2,54873076,A,G,MFASS,0
12,9073661,G,A,MFASS,0
19,41201894,C,T,MFASS,0
2,28812547,A,G,MFASS,0
3,45561788,G,A,MFASS,0
3,52156395,C,G,MFASS,0
7,94056337,A,G,MFASS,0
7,94056352,C,T,MFASS,0
7,94056358,T,C,MFASS,0
7,94056358,T,G,MFASS,0
9,107554238,G,A,MFASS,0
11,125324026,C,T,MFASS,0
11,8122058,C,T,MFASS,0
11,8122067,C,T,MFASS,0
11,8122070,C,T,MFASS,0
16,10846484,C,T,MFASS,0
16,21071585,C,T,MFASS,0
17,80617462,G,T,MFASS,0
19,4429749,A,G,MFASS,0
8,43048980,A,G,MFASS,0
1,55548945,C,T,MFASS,0
5,80638551,C,T,MFASS,0
1,11134021,C,T,MFASS,0
1,154303586,C,A,MFASS,0
1,86488221,C,T,MFASS,0
X,74332751,T,C,MFASS,0
13,61057968,G,T,MFASS,0
15,85464285,C,T,MFASS,0
12,56749296,G,A,MFASS,0
15,89020237,C,T,MFASS,0
15,91561061,G,T,MFASS,0
15,91561065,C,T,MFASS,0
1,240966240,G,A,MFASS,0
1,110458279,G,T,MFASS,0
17,79671746,G,A,MFASS,0
15,73848732,G,A,MFASS,0
7,120382656,G,A,MFASS,0
17,79564283,G,A,MFASS,0
15,22928185,C,T,MFASS,0
12,132683764,G,A,MFASS,0
1,10331592,A,C,MFASS,0
15,65234687,C,T,MFASS,0
10,21108353,C,T,MFASS,0
10,21108395,C,T,MFASS,0
8,139620182,G,A,MFASS,0
1,32145643,C,T,MFASS,0
7,94051246,T,G,MFASS,0
2,227976406,C,T,MFASS,0
2,227976418,C,A,MFASS,0
2,228004877,C,T,MFASS,0
2,228004922,T,C,MFASS,0
2,189912941,T,C,MFASS,0
2,189929283,C,A,MFASS,0
2,189929373,T,C,MFASS,0
8,62465626,G,A,MFASS,0
9,117005834,C,G,MFASS,0
4,114161688,C,T,MFASS,0
1,86304268,C,T,MFASS,0
2,27722272,C,T,MFASS,0
9,82320845,C,T,MFASS,0
20,3783787,C,T,MFASS,0
3,49019134,C,T,MFASS,0
3,49019152,G,A,MFASS,0
9,134358757,C,T,MFASS,0
11,17434225,G,A,MFASS,0
11,17434243,G,T,MFASS,0
11,17434252,C,A,MFASS,0
18,21226153,C,T,MFASS,0
7,7516767,G,A,MFASS,0
11,57561553,G,A,MFASS,0
16,19627450,G,A,MFASS,0
9,34263147,C,T,MFASS,0
7,7484049,C,T,MFASS,0
20,34806815,C,G,MFASS,0
19,19455730,T,C,MFASS,0
4,109766363,C,T,MFASS,0
1,89427784,C,T,MFASS,0
17,18040975,C,A,MFASS,0
14,64565527,C,T,MFASS,0
1,103431079,G,A,MFASS,0
6,25669780,A,C,MFASS,0
1,40777361,C,T,MFASS,0
22,47064049,C,G,MFASS,0
16,71768554,C,T,MFASS,0
19,34818732,C,A,MFASS,0
19,34818741,G,A,MFASS,0
6,37418098,C,T,MFASS,0
2,71185196,C,A,MFASS,0
21,37583928,C,T,MFASS,0
12,121659733,C,T,MFASS,0
12,121659745,C,T,MFASS,0
12,121659754,C,T,MFASS,0
12,121659754,C,A,MFASS,0
3,52539373,C,T,MFASS,0
2,238261999,C,A,MFASS,0
2,238262020,C,T,MFASS,0
21,38572589,G,A,MFASS,0
12,53294390,G,A,MFASS,0
12,53294399,G,T,MFASS,0
5,149245733,C,T,MFASS,0
3,57843546,C,T,MFASS,0
12,102455038,T,C,MFASS,0
3,185983078,C,T,MFASS,0
3,185983093,G,A,MFASS,0
7,152522162,A,G,MFASS,0
21,44179195,G,A,MFASS,0
2,238258832,T,C,MFASS,0
1,211534504,G,A,MFASS,0
3,170736320,C,T,MFASS,0
1,16069334,G,C,Vex-seq,0
1,16069337,C,T,Vex-seq,0
1,16069346,T,C,Vex-seq,0
1,16069388,C,T,Vex-seq,0
1,16069397,T,C,Vex-seq,0
1,24666165,C,T,Vex-seq,0
1,24666180,C,T,Vex-seq,0
1,24666192,C,T,Vex-seq,0
1,24666195,T,C,Vex-seq,0
1,24666234,C,T,Vex-seq,0
1,28138509,G,A,Vex-seq,0
1,28138542,C,T,Vex-seq,0
1,28138545,T,C,Vex-seq,0
1,55307322,C,A,Vex-seq,0
1,70883627,C,T,Vex-seq,0
1,70883666,T,C,Vex-seq,0
1,70883670,T,C,Vex-seq,0
1,70883708,G,A,Vex-seq,0
1,91731579,T,G,Vex-seq,0
1,91731585,T,C,Vex-seq,0
1,91731590,T,G,Vex-seq,0
1,114161181,G,A,Vex-seq,0
1,114161214,G,A,Vex-seq,0
1,115456640,T,C,Vex-seq,0
1,115456658,C,G,Vex-seq,0
1,115456661,A,G,Vex-seq,0
1,119584904,G,T,Vex-seq,0
1,119584919,T,C,Vex-seq,0
1,119584933,G,A,Vex-seq,0
1,119584937,C,T,Vex-seq,0
1,119584940,C,T,Vex-seq,0
1,119584949,G,A,Vex-seq,0
1,155173035,C,T,Vex-seq,0
1,155173074,G,C,Vex-seq,0
1,155173080,C,T,Vex-seq,0
1,161643270,G,C,Vex-seq,0
1,161643276,G,A,Vex-seq,0
1,161643288,C,A,Vex-seq,0
1,161643294,T,G,Vex-seq,0
1,161643309,C,T,Vex-seq,0
1,162487905,T,C,Vex-seq,0
1,162487947,A,C,Vex-seq,0
1,162487965,T,C,Vex-seq,0
1,230910333,G,A,Vex-seq,0
1,230910339,G,A,Vex-seq,0
1,230910351,C,T,Vex-seq,0
1,230910372,A,G,Vex-seq,0
10,33134196,T,C,Vex-seq,0
10,33134241,A,G,Vex-seq,0
10,33134250,C,T,Vex-seq,0
10,46246997,A,G,Vex-seq,0
10,70145827,G,A,Vex-seq,0
10,70145837,T,G,Vex-seq,0
10,70145849,T,G,Vex-seq,0
10,70145882,G,A,Vex-seq,0
10,114724329,C,T,Vex-seq,0
10,114724347,T,C,Vex-seq,0
10,114724350,G,A,Vex-seq,0
10,114724377,A,C,Vex-seq,0
11,32414288,G,A,Vex-seq,0
11,32414297,C,T,Vex-seq,0
11,65387823,C,T,Vex-seq,0
11,65387836,C,T,Vex-seq,0
11,65387853,C,T,Vex-seq,0
11,65387859,C,T,Vex-seq,0
11,65387865,A,G,Vex-seq,0
11,65387874,A,G,Vex-seq,0
11,65387877,G,A,Vex-seq,0
11,72611335,G,A,Vex-seq,0
11,72611356,T,C,Vex-seq,0
11,72611362,G,A,Vex-seq,0
11,85623707,T,C,Vex-seq,0
11,85623722,T,C,Vex-seq,0
11,85623725,T,C,Vex-seq,0
11,85623737,G,C,Vex-seq,0
11,85623738,C,T,Vex-seq,0
12,56566742,C,A,Vex-seq,0
12,56566756,G,A,Vex-seq,0
12,56566772,G,T,Vex-seq,0
12,56566778,T,G,Vex-seq,0
12,56566780,G,T,Vex-seq,0
12,56566781,C,A,Vex-seq,0
12,64017852,T,C,Vex-seq,0
12,64017855,A,G,Vex-seq,0
12,64017858,G,A,Vex-seq,0
12,96063858,T,C,Vex-seq,0
12,96063888,A,G,Vex-seq,0
12,96063903,T,C,Vex-seq,0
12,96063915,G,A,Vex-seq,0
12,109697895,G,A,Vex-seq,0
14,92477336,T,C,Vex-seq,0
14,92477372,G,A,Vex-seq,0
14,92477405,A,G,Vex-seq,0
15,43704891,G,A,Vex-seq,0
15,43704943,T,C,Vex-seq,0
15,49925800,G,A,Vex-seq,0
15,66735656,A,C,Vex-seq,0
15,66735671,A,G,Vex-seq,0
16,160549,G,A,Vex-seq,0
16,160561,C,T,Vex-seq,0
16,160567,C,T,Vex-seq,0
16,160573,G,A,Vex-seq,0
16,1515313,G,A,Vex-seq,0
16,1515325,C,T,Vex-seq,0
16,31122642,A,G,Vex-seq,0
16,31122678,C,T,Vex-seq,0
16,31122681,C,T,Vex-seq,0
16,31122687,C,T,Vex-seq,0
16,67690720,G,A,Vex-seq,0
16,89291135,C,T,Vex-seq,0
16,89291203,T,G,Vex-seq,0
17,7949997,G,A,Vex-seq,0
17,7950006,A,G,Vex-seq,0
17,7950012,C,T,Vex-seq,0
17,7950036,G,C,Vex-seq,0
17,7950054,A,C,Vex-seq,0
17,18159876,C,T,Vex-seq,0
17,18159891,G,A,Vex-seq,0
17,18159906,G,A,Vex-seq,0
17,19449780,C,T,Vex-seq,0
17,47795392,T,C,Vex-seq,0
17,48541194,T,C,Vex-seq,0
17,48541203,C,A,Vex-seq,0
17,48541206,G,A,Vex-seq,0
17,48541212,C,T,Vex-seq,0
17,48541221,T,A,Vex-seq,0
17,48541257,G,A,Vex-seq,0
18,23615838,G,A,Vex-seq,0
18,23615859,C,T,Vex-seq,0
18,23615874,G,A,Vex-seq,0
18,45396878,T,C,Vex-seq,0
18,66367647,T,C,Vex-seq,0
18,66367686,T,C,Vex-seq,0
19,6822477,C,A,Vex-seq,0
19,6822495,G,A,Vex-seq,0
19,6822501,T,C,Vex-seq,0
19,6822510,G,A,Vex-seq,0
19,19746487,A,G,Vex-seq,0
19,19746499,C,T,Vex-seq,0
19,33512498,G,A,Vex-seq,0
19,33512501,G,A,Vex-seq,0
19,33512507,C,T,Vex-seq,0
19,33512531,C,G,Vex-seq,0
19,33512537,A,G,Vex-seq,0
19,33512540,C,T,Vex-seq,0
19,33512549,C,T,Vex-seq,0
19,37961220,T,C,Vex-seq,0
19,37961223,T,G,Vex-seq,0
19,37961265,T,G,Vex-seq,0
19,49463540,T,C,Vex-seq,0
19,56200668,G,A,Vex-seq,0
19,56200674,C,T,Vex-seq,0
19,56200680,C,T,Vex-seq,0
19,56200686,C,T,Vex-seq,0
2,24240167,G,C,Vex-seq,0
2,24240170,C,T,Vex-seq,0
2,24240173,C,T,Vex-seq,0
2,24240194,G,A,Vex-seq,0
2,24240206,A,G,Vex-seq,0
2,24240209,G,A,Vex-seq,0
2,24240221,G,A,Vex-seq,0
2,24240227,C,T,Vex-seq,0
2,48722835,G,T,Vex-seq,0
2,48722898,C,G,Vex-seq,0
2,61147528,G,A,Vex-seq,0
2,61147567,A,G,Vex-seq,0
2,61147570,A,G,Vex-seq,0
2,61147585,C,T,Vex-seq,0
2,61147597,A,G,Vex-seq,0
2,61147606,G,A,Vex-seq,0
2,98795774,C,T,Vex-seq,0
2,171358305,A,G,Vex-seq,0
2,171358329,G,A,Vex-seq,0
2,171358341,C,T,Vex-seq,0
2,190617390,G,A,Vex-seq,0
2,190617447,A,G,Vex-seq,0
2,191862958,A,G,Vex-seq,0
2,191862985,C,T,Vex-seq,0
2,191862997,T,C,Vex-seq,0
2,236923487,C,T,Vex-seq,0
20,35860710,C,T,Vex-seq,0
20,35860728,C,A,Vex-seq,0
20,35860731,C,T,Vex-seq,0
20,35860734,C,T,Vex-seq,0
20,35860755,T,G,Vex-seq,0
20,35860764,C,A,Vex-seq,0
20,35860767,C,G,Vex-seq,0
20,35860770,G,A,Vex-seq,0
20,35860773,G,A,Vex-seq,0
20,35860780,C,T,Vex-seq,0
20,35860782,G,A,Vex-seq,0
20,35860788,C,T,Vex-seq,0
21,15538699,A,G,Vex-seq,0
21,15538753,G,A,Vex-seq,0
21,15538756,C,T,Vex-seq,0
21,15538759,T,C,Vex-seq,0
22,17990850,A,G,Vex-seq,0
22,17990853,T,A,Vex-seq,0
22,17990865,A,G,Vex-seq,0
22,17990871,A,T,Vex-seq,0
22,17990875,T,C,Vex-seq,0
22,17990883,T,C,Vex-seq,0
22,17990886,G,A,Vex-seq,0
22,17990904,G,C,Vex-seq,0
22,17990916,C,T,Vex-seq,0
22,30384486,A,T,Vex-seq,0
22,30384501,C,T,Vex-seq,0
22,44592232,C,T,Vex-seq,0
22,44592259,C,T,Vex-seq,0
22,44592274,T,G,Vex-seq,0
3,9729516,C,T,Vex-seq,0
3,9729540,T,C,Vex-seq,0
3,9729546,C,T,Vex-seq,0
3,9729564,G,A,Vex-seq,0
3,9729570,C,G,Vex-seq,0
3,10132000,T,C,Vex-seq,0
3,10132003,G,A,Vex-seq,0
3,10132027,G,A,Vex-seq,0
3,10132063,G,T,Vex-seq,0
3,38134337,C,T,Vex-seq,0
3,38134358,G,A,Vex-seq,0
3,50212555,G,A,Vex-seq,0
3,50212567,C,T,Vex-seq,0
3,50212582,G,T,Vex-seq,0
3,50212594,C,T,Vex-seq,0
3,50212600,G,T,Vex-seq,0
3,52019873,T,C,Vex-seq,0
3,52019882,C,T,Vex-seq,0
3,52019885,C,T,Vex-seq,0
3,52019930,G,A,Vex-seq,0
3,112326033,G,A,Vex-seq,0
3,112326045,C,A,Vex-seq,0
3,112326074,A,G,Vex-seq,0
3,112326084,A,G,Vex-seq,0
3,121001159,G,A,Vex-seq,0
3,121001165,G,A,Vex-seq,0
3,121001174,T,C,Vex-seq,0
3,170857282,G,A,Vex-seq,0
3,170857325,T,C,Vex-seq,0
3,197417955,C,T,Vex-seq,0
3,197417973,C,T,Vex-seq,0
3,197418012,G,A,Vex-seq,0
4,17964617,A,G,Vex-seq,0
4,17964629,T,C,Vex-seq,0
4,17964659,T,C,Vex-seq,0
4,78871010,T,C,Vex-seq,0
4,78871022,G,A,Vex-seq,0
4,170429941,C,T,Vex-seq,0
4,170429944,C,T,Vex-seq,0
4,170429947,T,G,Vex-seq,0
4,170429980,A,G,Vex-seq,0
5,220406,A,C,Vex-seq,0
5,220417,A,G,Vex-seq,0
6,18244745,T,C,Vex-seq,0
6,32180610,G,A,Vex-seq,0
6,32180616,G,A,Vex-seq,0
6,44136716,A,G,Vex-seq,0
6,44136743,C,T,Vex-seq,0
6,44136758,C,A,Vex-seq,0
6,64289219,A,G,Vex-seq,0
6,89511307,A,G,Vex-seq,0
6,142704919,T,A,Vex-seq,0
6,142704922,A,C,Vex-seq,0
6,142704937,C,T,Vex-seq,0
6,142704964,C,T,Vex-seq,0
7,5972435,G,A,Vex-seq,0
8,69442840,G,A,Vex-seq,0
9,735756,G,A,Vex-seq,0
9,4604186,A,G,Vex-seq,0
9,4604189,T,C,Vex-seq,0
9,4604204,T,C,Vex-seq,0
9,4604218,G,A,Vex-seq,0
9,4604222,G,A,Vex-seq,0
9,4604243,A,G,Vex-seq,0
9,134369804,T,C,Vex-seq,0
9,134369858,A,C,Vex-seq,0
9,136273904,C,T,Vex-seq,0
9,136273916,A,G,Vex-seq,0
9,139749221,C,T,Vex-seq,0
9,139749222,C,T,Vex-seq,0
9,139749236,C,T,Vex-seq,0
9,139749269,C,T,Vex-seq,0
9,139749275,C,T,Vex-seq,0
9,139749284,A,C,Vex-seq,0
9,139749290,C,T,Vex-seq,0
X,44910959,A,G,Vex-seq,0
X,44910962,T,C,Vex-seq,0
X,44910995,G,A,Vex-seq,0
X,44911001,A,G,Vex-seq,0
X,44911022,A,G,Vex-seq,0
X,49111896,T,C,Vex-seq,0
X,49111899,A,T,Vex-seq,0
X,49111932,G,A,Vex-seq,0
X,107413203,C,T,Vex-seq,0
3,50212621,G,A,Vex-seq_MLC,0
9,139749302,G,A,Vex-seq_MLC,0
19,37961289,G,A,Vex-seq_MLC,0
2,171358374,A,C,Vex-seq_MLC,0
4,78870953,G,A,Vex-seq_MLC,0
12,64017822,G,T,Vex-seq_MLC,0
X,49834685,G,A,literature_MLC,0
1,16372180,A,C,literature_MLC,0
3,37059088,C,T,literature_MLC,0
3,37083822,G,A,literature_MLC,0
6,133827333,G,A,literature_MLC,0
2,47657079,A,G,literature_MLC,0
3,37050394,C,G,literature_MLC,0
3,37050394,C,T,literature_MLC,0
13,101167821,G,A,literature_MLC,0
3,37059088,C,G,literature_MLC,0
17,78078931,G,A,literature_MLC,0
17,78078931,G,C,literature_MLC,0
17,78078931,G,T,literature_MLC,0
3,37061954,G,A,literature_MLC,0
17,27577316,C,T,literature_MLC,0
15,101514172,G,A,literature_MLC,0
16,28905928,G,A,literature_MLC,0
3,37089174,G,A,literature_MLC,0
3,37090508,G,A,literature_MLC,0
11,67810964,G,A,literature_MLC,0
2,47641557,G,A,literature_MLC,0
5,37020979,G,A,literature_MLC,0
1,150531125,G,A,literature_MLC,0
11,67379040,G,A,literature_MLC,0
17,42956924,C,A,literature_MLC,0
12,6085277,C,T,literature_MLC,0
X,154128141,C,T,literature_MLC,0
11,17474666,C,T,literature_MLC,0
13,52518245,C,T,literature_MLC,0
X,32613874,C,T,literature_MLC,0
17,7579312,C,T,literature_MLC,0
17,33430273,C,T,literature_MLC,0
17,41256141,A,G,literature_MLC,0
2,58387243,C,T,literature_MLC,0
7,124510965,C,T,literature_MLC,0
2,189927591,C,T,literature_MLC,0
14,95583959,C,T,literature_MLC,0
17,44143903,C,T,literature_MLC,0
16,70289631,C,T,literature_MLC,0
14,23883216,C,T,literature_MLC,0
14,24725195,C,T,literature_MLC,0
15,48719765,T,C,literature_MLC,0
16,16248730,C,T,literature_MLC,0
1,94470997,C,T,literature_MLC,0
X,154133086,C,T,literature_MLC,0
7,44192901,T,G,literature_MLC,0
17,41215350,C,T,literature_MLC,0
2,234217910,G,A,Clinvar_MLC,0
3,41275788,G,C,Clinvar_MLC,0
5,42718223,G,A,Clinvar_MLC,0
5,89940686,G,A,Clinvar_MLC,0
6,157495251,G,A,Clinvar_MLC,0
8,37611047,G,A,Clinvar_MLC,0
9,130435540,G,A,Clinvar_MLC,0
12,64849737,G,A,Clinvar_MLC,0
13,32969070,G,A,Clinvar_MLC,0
15,93496803,G,A,Clinvar_MLC,0
X,48649735,A,G,Clinvar_MLC,0
2,47702408,T,A,Clinvar_MLC,0
2,112758862,C,A,Clinvar_MLC,0
2,166229857,G,A,Clinvar_MLC,0
3,9483929,G,A,Clinvar_MLC,0
4,5731117,G,T,Clinvar_MLC,0
4,15556833,G,A,Clinvar_MLC,0
6,33409151,G,A,Clinvar_MLC,0
7,94053755,G,A,Clinvar_MLC,0
7,141311087,G,A,Clinvar_MLC,0
8,61750814,G,A,Clinvar_MLC,0
11,44151688,G,A,Clinvar_MLC,0
11,76892635,G,A,Clinvar_MLC,0
11,120999053,G,A,Clinvar_MLC,0
13,40251716,G,A,Clinvar_MLC,0
14,51089966,G,A,Clinvar_MLC,0
16,68845762,G,A,Clinvar_MLC,0
17,2577582,G,A,Clinvar_MLC,0
19,54646922,G,A,Clinvar_MLC,0
21,47407089,G,A,Clinvar_MLC,0
X,22095820,G,A,Clinvar_MLC,0
X,107920863,G,A,Clinvar_MLC,0
9,130263290,G,A,Clinvar_MLC,0
11,67816548,G,A,Clinvar_MLC,0
1,59154710,C,T,Clinvar_MLC,0
2,166904137,C,T,Clinvar_MLC,0
2,189910526,C,T,Clinvar_MLC,0
2,238268005,C,T,Clinvar_MLC,0
3,38655235,T,G,Clinvar_MLC,0
3,48611695,C,A,Clinvar_MLC,0
3,48632509,T,C,Clinvar_MLC,0
3,71019887,C,T,Clinvar_MLC,0
8,143995680,C,T,Clinvar_MLC,0
9,130586583,C,G,Clinvar_MLC,0
16,89812992,C,T,Clinvar_MLC,0
16,89869667,C,T,Clinvar_MLC,0
17,8014677,C,T,Clinvar_MLC,0
18,55361814,C,T,Clinvar_MLC,0
X,62893918,C,T,Clinvar_MLC,0
1,62993822,C,T,Clinvar_MLC,0
1,158626354,C,T,Clinvar_MLC,0
2,27535361,C,T,Clinvar_MLC,0
2,167134650,C,A,Clinvar_MLC,0
2,225368369,C,T,Clinvar_MLC,0
2,227973549,C,T,Clinvar_MLC,0
3,49456693,C,T,Clinvar_MLC,0
3,180369189,C,T,Clinvar_MLC,0
5,37165641,C,T,Clinvar_MLC,0
7,6035165,C,T,Clinvar_MLC,0
9,127255309,C,T,Clinvar_MLC,0
11,31816179,T,C,Clinvar_MLC,0
12,33003701,T,A,Clinvar_MLC,0
12,49427850,C,T,Clinvar_MLC,0
12,49442442,C,T,Clinvar_MLC,0
12,88482809,C,T,Clinvar_MLC,0
13,52532447,C,T,Clinvar_MLC,0
13,110825068,T,C,Clinvar_MLC,0
15,91551100,C,G,Clinvar_MLC,0
17,7100076,C,T,Clinvar_MLC,0
19,4102374,C,T,Clinvar_MLC,0
X,64141697,C,A,Clinvar_MLC,0
16,89715903,G,A,Clinvar_MLC,0
X,53265676,C,T,Clinvar_MLC,0
3,87322498,T,G,Application dataset1_MLC,0
3,87322498,T,C,Application dataset1_MLC,0
3,87322498,T,A,Application dataset1_MLC,0
2,179504514,T,C,Application dataset2_MLC,0
9,34658680,G,A,Application dataset3_MLC,0
8,15508323,G,A,Application dataset3_MLC,0
X,147009911,G,A,Application dataset3_MLC,0
16,3789725,C,A,Application dataset3_MLC,0
2,228118354,G,A,Application dataset3_MLC,0
